Date/Time,Environment:Site Outdoor Air Drybulb Temperature [C](TimeStep),MAIN_OFFICE_ZONE:Zone Mean Air Temperature [C](TimeStep),MAIN_OFFICE_ZONE:Zone Air Relative Humidity [%](TimeStep),MAIN_OFFICE IDEAL LOADS:Zone Ideal Loads Zone Total Heating Energy [J](TimeStep),MAIN_OFFICE IDEAL LOADS:Zone Ideal Loads Zone Total Cooling Energy [J](TimeStep),OFFICE OCCUPANTS:Zone Thermal Comfort Fanger Model PMV [](TimeStep) 
 07/01  00:15:00,13.150000000000002,21.000000000000004,90.33732591547988,862620.2110456093,0.0,-0.6889257441947935 
 07/01  00:30:00,13.5,21.0,90.38184899383755,854624.6561529933,0.0,-0.6873533315425591 
 07/01  00:45:00,13.849999999999998,21.0,90.42637207216022,846918.2776535488,0.0,-0.6858154227668136 
 07/01  01:00:00,14.2,20.999999999999996,90.47090045394309,838974.8302032505,0.0,-0.6841969971747448 
 07/01  01:15:00,13.95,20.999999999999996,90.47090045393942,844764.9832971246,0.0,-0.6859141853075827 
 07/01  01:30:00,13.7,21.0,90.47089515047158,853412.8407178143,0.0,-0.6872469982449425 
 07/01  01:45:00,13.45,20.999999999999996,90.47090045393816,861817.1413181131,1.0231815394945443e-10,-0.6886598238461354 
 07/01  02:00:00,13.2,20.999999999999993,90.47090045393833,870440.1923045522,0.0,-0.6900957179070624 
 07/01  02:15:00,12.924999999999999,21.000000000000004,90.44863361131078,880133.9109725384,2.0463630789890885e-10,-0.6918862344515816 
 07/01  02:30:00,12.649999999999999,21.0,90.42637207214977,890196.5544217251,2.0463630789890885e-10,-0.6936798445901389 
 07/01  02:45:00,12.375,21.0,90.40411053298874,900367.4614504775,1.0231815394945443e-10,-0.6954933232103405 
 07/01  03:00:00,12.1,21.0,90.38184899382769,910650.7877290947,1.0231815394945443e-10,-0.697320737957014 
 07/01  03:15:00,11.85,20.999999999999996,90.38185429207442,919844.4964130665,2.0463630789890885e-10,-0.6987765395433309 
 07/01  03:30:00,11.6,21.000000000000004,90.38184899382772,928801.9896657119,0.0,-0.7002584940171386 
 07/01  03:45:00,11.35,21.000000000000004,90.38184899382773,937815.8895320899,0.0,-0.7017387828289275 
 07/01  04:00:00,11.1,21.000000000000004,90.38184899382775,946854.2827078239,2.0463630789890885e-10,-0.7032199351115457 
 07/01  04:15:00,11.274999999999999,21.000000000000004,90.38184899382776,944714.2703751321,0.0,-0.7023095757661922 
 07/01  04:30:00,11.45,20.999999999999996,90.38185429207448,939537.2950408505,4.092726157978177e-10,-0.7015316102732281 
 07/01  04:45:00,11.625000000000002,21.000000000000004,90.3818489938278,934379.9297344871,0.0,-0.7006990916384274 
 07/01  05:00:00,11.8,20.999999999999996,90.38185429207452,882664.7935401177,3.069544618483633e-10,-0.6898077571935275 
 07/01  05:15:00,12.000000000000002,20.999999999999996,90.38185429207454,849670.5492403297,5.115907697472721e-10,-0.6859711017872532 
 07/01  05:30:00,12.2,20.999999999999996,90.38185429207452,823624.4647197567,1.0231815394945443e-10,-0.6813686267702131 
 07/01  05:45:00,12.399999999999999,20.999999999999996,90.38185429207452,760009.137780427,4.092726157978177e-10,-0.6683745781537721 
 07/01  06:00:00,12.6,21.000000000000004,90.38184899382783,697943.670419863,4.092726157978177e-10,-0.65777467536906 
 07/01  06:15:00,12.774999999999999,21.000000000000004,90.38184899382782,627279.7323496806,0.0,-0.6437328034898929 
 07/01  06:30:00,12.95,21.0,90.38184899382782,566020.0199339775,1.0231815394945443e-10,-0.632165015050637 
 07/01  06:45:00,13.125000000000002,21.000000000000004,90.38184899382783,519549.3850043,2.0463630789890885e-10,-0.6230677000684858 
 07/01  07:00:00,13.3,21.0,90.38184899382782,476206.6944276529,0.0,-0.6133180511346004 
 07/01  07:15:00,13.725000000000001,21.801400689201543,86.29329989364783,0.0,0.0,-0.44896844190499136 
 07/01  07:30:00,14.15,22.488744895213024,83.01478176039882,0.0,0.0,-0.29787820285485306 
 07/01  07:45:00,14.575,23.002596614809043,80.75584744836574,0.0,0.0,-0.197161175687123 
 07/01  08:00:00,15.0,23.38401127089446,79.24038715140543,0.0,0.0,-0.11987993106058979 
 07/01  08:15:00,15.4,23.897879936346783,77.74968802763874,0.0,538240.3441348255,-0.01386044691218842 
 07/01  08:30:00,15.8,23.99999869726554,77.25272105939929,0.0,1166743.4989458988,0.02798488564709237 
 07/01  08:45:00,16.200000000000003,23.999999949289617,76.77194424944602,0.0,1036970.7294053108,0.03191856083739194 
 07/01  09:00:00,16.6,23.999999997826773,76.04581228656791,0.0,1130057.214714575,0.035202605716706435 
 07/01  09:15:00,17.025000000000002,23.99999999989788,75.14171752165234,0.0,1218731.7958183496,0.03591480162458864 
 07/01  09:30:00,17.450000000000003,23.999999999994916,74.1405459728194,0.0,1264197.6295123063,0.035124146297210584 
 07/01  09:45:00,17.875,23.999999999999737,73.11979305195753,0.0,1286806.3354086666,0.03208166112635165 
 07/01  10:00:00,18.3,23.99999999999999,72.13095212271563,0.0,1298275.885657819,0.028820429902413194 
 07/01  10:15:00,18.25,24.0,71.22173181250247,0.0,1288160.8287003788,0.02331300269260036 
 07/01  10:30:00,18.200000000000003,24.0,70.41931859742893,0.0,1270169.8274461625,0.018166537120143877 
 07/01  10:45:00,18.150000000000002,24.0,69.7366058904675,0.0,1244923.884252623,0.012564545810718565 
 07/01  11:00:00,18.1,24.0,69.17485273218345,0.0,1216632.7305983924,0.007342017784089614 
 07/01  11:15:00,18.075000000000003,24.0,68.72713905922834,0.0,1187983.0199041017,0.0025418260185404696 
 07/01  11:30:00,18.05,24.0,68.38433940037525,0.0,1158722.9198292834,-0.0019450477413109298 
 07/01  11:45:00,18.025,24.000000000000004,68.14273275996321,0.0,1125062.7914970939,-0.006652909872338352 
 07/01  12:00:00,18.0,24.0,67.9975531897119,0.0,1090820.9867949975,-0.010837174261132516 
 07/01  12:15:00,17.95,24.000000000000004,67.81487553508933,0.0,626999.3287447562,-0.022294672011075958 
 07/01  12:30:00,17.9,23.999999999999996,67.61337693487962,0.0,614953.3199351964,-0.02156983495312654 
 07/01  12:45:00,17.85,24.0,67.40691511392293,0.0,619125.2117793015,-0.02262672886123605 
 07/01  13:00:00,17.8,24.0,67.20860175237051,0.0,617346.756201737,-0.02387226134570446 
 07/01  13:15:00,17.8,24.0,67.17951745389755,0.0,1033923.8349084208,-0.017728884984386697 
 07/01  13:30:00,17.8,24.0,67.24279051311872,0.0,1039504.4608108194,-0.01826521113862773 
 07/01  13:45:00,17.8,24.0,67.34117033225235,0.0,1029945.3786380576,-0.01875658166708239 
 07/01  14:00:00,17.8,24.0,67.45458459028247,0.0,1018742.2693396517,-0.01943711747764889 
 07/01  14:15:00,17.8,23.999999999999993,67.5689025699149,0.0,1003890.8700660206,-0.020540351176665195 
 07/01  14:30:00,17.8,24.0,67.70785793246097,0.0,986829.6756234171,-0.021690434984058957 
 07/01  14:45:00,17.8,24.0,67.88367354857735,0.0,962713.7134663918,-0.023598059495595236 
 07/01  15:00:00,17.8,24.0,68.10409982286976,0.0,936535.3359716058,-0.025227119484370845 
 07/01  15:15:00,17.8,23.999999999999996,68.38676100208293,0.0,910543.3250661154,-0.026508131943073096 
 07/01  15:30:00,17.8,23.999999999999996,68.71418025069742,0.0,883857.3005925213,-0.027612849948135204 
 07/01  15:45:00,17.8,24.0,69.09395340667007,0.0,850757.9896767089,-0.029246270218438335 
 07/01  16:00:00,17.8,24.0,69.53241668049802,0.0,816215.093869672,-0.030387445642844672 
 07/01  16:15:00,17.475,23.999999999999993,70.03321268193137,0.0,780738.7707202308,-0.03126344199939107 
 07/01  16:30:00,17.15,24.0,70.59880198036645,0.0,744378.4630032326,-0.03173224274189109 
 07/01  16:45:00,16.825,24.0,71.24509509328864,0.0,698080.3037966914,-0.032863798647139605 
 07/01  17:00:00,16.5,23.999999999999996,71.99710461054738,0.0,641992.3733800012,-0.03398384948493008 
 07/01  17:15:00,16.175,23.96371850140869,72.95427920937041,0.0,0.0,-0.048016245149931754 
 07/01  17:30:00,15.85,23.890122604841572,74.08997237716426,0.0,0.0,-0.058638163394269034 
 07/01  17:45:00,15.524999999999999,23.797903024955787,75.31261575529216,0.0,0.0,-0.07616052687616476 
 07/01  18:00:00,15.2,23.698018908349113,76.57261888595612,0.0,0.0,-0.09494772070948411 
 07/01  18:15:00,14.874999999999998,22.388840977870775,83.03916434838915,0.0,0.0,-0.3240913352668142 
 07/01  18:30:00,14.55,21.08996050378799,89.83166546399576,265167.00230269117,3.069544618483633e-11,-0.6064893097597105 
 07/01  18:45:00,14.225000000000001,21.000000000189065,90.30687585102132,909580.7340981284,0.0,-0.6398930138261872 
 07/01  19:00:00,13.9,21.00000000000309,90.29562536624893,521222.6483959771,0.0,-0.6492284283280019 
 07/01  19:15:00,13.8,21.000000000000068,90.29206997557642,676854.274074241,3.069544618483633e-10,-0.6585201789333482 
 07/01  19:30:00,13.7,21.0,90.29186095691728,734878.917082339,0.0,-0.6673152517156307 
 07/01  19:45:00,13.6,21.0,90.29235485892654,763415.5973350299,2.0463630789890885e-10,-0.6716310283440511 
 07/01  20:00:00,13.5,21.000000000000004,90.29269347797613,780625.1130417074,0.0,-0.6747094577497468 
 07/01  20:15:00,13.425,20.999999999999996,90.29281949314182,793948.4606373819,1.0231815394945443e-10,-0.6771836389143832 
 07/01  20:30:00,13.35,20.999999999999996,90.29283413842168,805559.9503984731,0.0,-0.6793630565406705 
 07/01  20:45:00,13.274999999999999,21.0,90.29281672744025,815765.2437994455,0.0,-0.6812379552699375 
 07/01  21:00:00,13.2,21.000000000000004,90.29280677810327,824801.4607212667,0.0,-0.6828838364015197 
 07/01  21:15:00,13.099999999999998,21.0,90.31506435988089,833601.9693392698,2.0463630789890885e-10,-0.6843692241166878 
 07/01  21:30:00,13.0,21.0,90.33732521895564,841916.093084029,1.0231815394945443e-10,-0.6857127350895336 
 07/01  21:45:00,12.900000000000002,21.0,90.35958703302143,849760.4940909678,2.0463630789890885e-10,-0.6869639747299815 
 07/01  22:00:00,12.8,21.000000000000004,90.38184885819555,857304.7170720632,0.0,-0.6881507486066724 
 07/01  22:15:00,12.8,21.0,90.35958744545927,860145.9766960092,4.092726157978177e-10,-0.6885627462768139 
 07/01  22:30:00,12.8,21.000000000000004,90.33732593350273,861825.2638667668,0.0,-0.6890441308092301 
 07/01  22:45:00,12.8,21.000000000000004,90.31506438891684,863448.2144044392,0.0,-0.6894733742779015 
 07/01  23:00:00,12.8,21.0,90.29280284172042,864830.1832852641,0.0,-0.6898545252185937 
 07/01  23:15:00,12.8,20.999999999999996,90.29280813079808,866083.6516511143,4.092726157978177e-10,-0.690084608820331 
 07/01  23:30:00,12.8,21.0,90.2928028367639,866878.3018494518,3.069544618483633e-10,-0.6902145195697046 
 07/01  23:45:00,12.8,21.000000000000004,90.29280283683752,867700.6258829325,0.0,-0.6903756850583962 
 07/01  24:00:00,12.8,21.0,90.29280283705765,868581.9472886092,0.0,-0.6905340783899611 
 07/02  00:15:00,12.8,21.0,90.2928028371789,869469.5590557171,2.0463630789890885e-10,-0.690691009531211 
 07/02  00:30:00,12.8,21.0,90.29280283721444,870335.4135112717,3.069544618483633e-10,-0.6908407318791187 
 07/02  00:45:00,12.8,20.999999999999993,90.29280813024174,871166.6803914277,0.0,-0.6909830078278925 
 07/02  01:00:00,12.8,21.000000000000004,90.29280283720918,871966.1056440998,3.069544618483633e-10,-0.6911189717572871 
 07/02  01:15:00,12.750000000000002,20.999999999999996,90.29280813023226,873754.112725083,3.069544618483633e-10,-0.6914731709060878 
 07/02  01:30:00,12.7,21.0,90.29280283720429,875670.9885775076,6.139089236967266e-10,-0.6917833021305939 
 07/02  01:45:00,12.649999999999999,21.0,90.29280283720419,877506.1594460543,0.0,-0.6920901424211827 
 07/02  02:00:00,12.6,20.999999999999996,90.29280813023108,879334.9288846882,4.092726157978177e-10,-0.69239629776917 
 07/02  02:15:00,12.549999999999999,20.999999999999996,90.2928081302312,881212.6160622225,5.115907697472721e-10,-0.6927129851226209 
 07/02  02:30:00,12.5,21.0,90.29280283720449,883111.2530720505,2.0463630789890885e-10,-0.6930304555323762 
 07/02  02:45:00,12.450000000000001,21.000000000000004,90.29280283720452,885012.8048357464,0.0,-0.6933480544659087 
 07/02  03:00:00,12.4,21.0,90.29280283720455,886915.9830904779,3.069544618483633e-10,-0.6936657114393375 
 07/02  03:15:00,12.350000000000001,21.0,90.29280283720455,889055.296637569,0.0,-0.6940337316210857 
 07/02  03:30:00,12.3,21.0,90.29280283720455,891297.8239993082,1.0231815394945443e-10,-0.6944071442318563 
 07/02  03:45:00,12.249999999999998,21.0,90.29280283720455,893559.1509335141,1.0231815394945443e-10,-0.6947828313855529 
 07/02  04:00:00,12.2,21.0,90.29280283720455,895832.6056646028,0.0,-0.6951602839509838 
 07/02  04:15:00,12.374999999999998,20.999999999999996,90.29280813023128,892736.250848031,0.0,-0.6943709406623441 
 07/02  04:30:00,12.55,20.999999999999996,90.29280813023126,887776.1384188595,2.0463630789890885e-10,-0.6935564054120662 
 07/02  04:45:00,12.725000000000001,20.999999999999996,90.29280813023126,882706.6631494722,0.0,-0.6927174996162303 
 07/02  05:00:00,12.9,21.0,90.29280283720452,832294.8717369153,2.0463630789890885e-10,-0.6818873179069517 
 07/02  05:15:00,13.100000000000001,20.999999999999996,90.2928081302313,794956.6533355897,2.0463630789890885e-10,-0.6768505864224409 
 07/02  05:30:00,13.3,21.0,90.29280283720456,763585.1295944296,1.0231815394945443e-10,-0.6712259810803095 
 07/02  05:45:00,13.499999999999998,21.0,90.29280283720456,704773.976878115,0.0,-0.659202626453477 
 07/02  06:00:00,13.7,21.0,90.29280283720456,648609.7172626647,0.0,-0.6492076686099347 
 07/02  06:15:00,13.874999999999998,20.999999999999996,90.2928081302313,593859.4507469217,1.0231815394945443e-10,-0.6384154193507843 
 07/02  06:30:00,14.05,21.000000000000007,90.29280283720455,533210.0823750333,0.0,-0.6255292125142315 
 07/02  06:45:00,14.225000000000001,21.0,90.29280283720455,491962.08863271057,0.0,-0.6174340030385679 
 07/02  07:00:00,14.4,21.0,90.29280283720456,455115.9533746573,5.1159076974727213e-11,-0.608335123226679 
 07/02  07:15:00,14.775,21.82543485509273,86.08336464709598,0.0,0.0,-0.44102715733348624 
 07/02  07:30:00,15.15,22.526452314197392,82.74506126133159,0.0,0.0,-0.2870754578971214 
 07/02  07:45:00,15.525,23.053624174469114,80.43073472044534,0.0,0.0,-0.18294352448794052 
 07/02  08:00:00,15.9,23.45017039091183,78.85201855889599,0.0,0.0,-0.10204439131694983 
 07/02  08:15:00,16.275,23.987045215765548,77.2602575100461,0.0,721403.3983329191,0.008942856330068022 
 07/02  08:30:00,16.65,23.99995629925336,76.79980597634415,0.0,1406390.614080485,0.03426511678405024 
 07/02  08:45:00,17.025,23.99999823474433,76.09147922398903,0.0,1052617.0189348906,0.03908626204355535 
 07/02  09:00:00,17.4,23.999999913756206,75.12326918202979,0.0,1264920.9902084859,0.042590000004374996 
 07/02  09:15:00,17.775,23.999999995435665,73.96040222398267,0.0,1342266.2799316929,0.04388787565252258 
 07/02  09:30:00,18.15,23.999999999741874,72.71289937200582,0.0,1395438.3611040215,0.043611991272090145 
 07/02  09:45:00,18.525,23.99999999998464,71.4640591225915,0.0,1424474.1308647867,0.04129058861322891 
 07/02  10:00:00,18.9,23.99999999999905,70.26895393801938,0.0,1441112.1280255436,0.03875856062194459 
 07/02  10:15:00,19.0,23.999999999999943,69.19709297218914,0.0,1418577.7793440383,0.031072550429474738 
 07/02  10:30:00,19.1,24.0,68.28116747086735,0.0,1390169.5751353696,0.024308566909385484 
 07/02  10:45:00,19.200000000000003,24.0,67.52986013769267,0.0,1353910.3339251291,0.01750682092656259 
 07/02  11:00:00,19.3,24.000000000000004,66.9337112860816,0.0,1317289.8561408846,0.011356393077207986 
 07/02  11:15:00,19.375,24.0,66.46373508128633,0.0,1278335.167459274,0.005155584509663017 
 07/02  11:30:00,19.450000000000003,24.0,66.12138741186916,0.0,1240170.25304487,-0.0003930935222554078 
 07/02  11:45:00,19.525000000000002,23.999999999999996,65.894301245263,0.0,1200513.0652713545,-0.00591526244331825 
 07/02  12:00:00,19.6,24.0,65.77035251163421,0.0,1161684.275721505,-0.010825180962721675 
 07/02  12:15:00,19.700000000000003,24.0,65.55115914327601,0.0,723228.056217978,-0.022730569294726784 
 07/02  12:30:00,19.8,24.000000000000004,65.26972591325094,0.0,710718.4479271749,-0.022465546909753182 
 07/02  12:45:00,19.9,23.999999999999996,64.97916018687086,0.0,711199.0075464202,-0.02426730285656387 
 07/02  13:00:00,20.0,24.0,64.70852806014136,0.0,707221.3182656812,-0.025905750509531766 
 07/02  13:15:00,19.825,23.999999999999996,64.7004292065097,0.0,1093391.0253082165,-0.019804917847856277 
 07/02  13:30:00,19.65,23.999999999999993,64.8384637425621,0.0,1096690.8254987474,-0.02010609055131709 
 07/02  13:45:00,19.475,23.999999999999996,65.02060623114605,0.0,1088050.6499513937,-0.020330708166738706 
 07/02  14:00:00,19.3,23.999999999999996,65.20669297564913,0.0,1077764.09995737,-0.020884205041330803 
 07/02  14:15:00,19.1,24.0,65.3962188842668,0.0,1062485.1424034212,-0.022075194683869873 
 07/02  14:30:00,18.9,24.0,65.60036777643396,0.0,1043353.858615726,-0.023514283351927286 
 07/02  14:45:00,18.7,24.0,65.83288377730436,0.0,1018111.6431633399,-0.02560806479008236 
 07/02  15:00:00,18.5,23.999999999999996,66.10296208210188,0.0,989937.3296830057,-0.027635152909388425 
 07/02  15:15:00,18.325,24.000000000000004,66.41274698156222,0.0,961956.7483421589,-0.02932337030530538 
 07/02  15:30:00,18.15,23.999999999999993,66.76548527944436,0.0,930701.2012073082,-0.031220134863795216 
 07/02  15:45:00,17.975,24.0,67.1738370135449,0.0,890439.5229183527,-0.03395525980067519 
 07/02  16:00:00,17.8,24.0,67.64818211777128,0.0,847482.9331681186,-0.03619860930769805 
 07/02  16:15:00,17.475,24.0,68.15195507138662,0.0,822786.085699488,-0.035565408694140516 
 07/02  16:30:00,17.15,24.0,68.68375375398553,0.0,801314.3408451688,-0.03518875227957953 
 07/02  16:45:00,16.825,24.0,69.25560081838107,0.0,766219.9920458747,-0.036254841701511935 
 07/02  17:00:00,16.5,23.999999999999993,69.88592992695656,0.0,726126.2197383892,-0.036897167753944825 
 07/02  17:15:00,16.175,23.999999999999996,70.55813996423433,0.0,46188.63070320877,-0.04701601742135477 
 07/02  17:30:00,15.85,23.980881893193448,71.38766652268006,0.0,0.0,-0.05014040945098416 
 07/02  17:45:00,15.524999999999999,23.924345981737535,72.42428051887741,0.0,0.0,-0.06098804049838677 
 07/02  18:00:00,15.2,23.836992287463765,73.61445222675881,0.0,0.0,-0.07729054997932382 
 07/02  18:15:00,14.874999999999998,22.525843423152907,79.83804753768352,0.0,0.0,-0.30711424926858455 
 07/02  18:30:00,14.55,21.142890542823743,86.81133684593684,193671.64407855424,6.266986929404084e-11,-0.6032029295002714 
 07/02  18:45:00,14.225000000000001,21.000000000015778,87.55042270000192,870304.0806439169,0.0,-0.6500134833489289 
 07/02  19:00:00,13.9,21.00000000000025,87.53900626292831,507033.0808549411,2.0463630789890885e-10,-0.6602829372412798 
 07/02  19:15:00,13.8,21.000000000000004,87.53539257524051,658816.0080160736,0.0,-0.673043630906132 
 07/02  19:30:00,13.7,21.000000000000004,87.53517693239782,738422.9493631854,1.0231815394945443e-10,-0.6842625066723445 
 07/02  19:45:00,13.6,21.0,87.53567677442815,770666.2788339502,3.069544618483633e-10,-0.6886225622365056 
 07/02  20:00:00,13.5,21.000000000000004,87.53602001782849,789512.032792431,0.0,-0.6920930139989445 
 07/02  20:15:00,13.425,21.0,87.55774565914511,803806.5217882814,0.0,-0.6945589579387383 
 07/02  20:30:00,13.35,21.0,87.5793637444914,815991.4211455286,2.0463630789890885e-10,-0.6967259845716022 
 07/02  20:45:00,13.274999999999999,21.0,87.60095466678585,826646.6035840217,0.0,-0.6985558146236398 
 07/02  21:00:00,13.2,21.0,87.62254777568013,835992.8706281688,0.0,-0.7001317069066136 
 07/02  21:15:00,13.099999999999998,21.0,87.6225437654963,845814.5006804504,1.0231815394945443e-10,-0.7019594421344648 
 07/02  21:30:00,13.0,21.0,87.62254307780654,855305.6465283299,0.0,-0.7036224824383037 
 07/02  21:45:00,12.900000000000002,21.0,87.62254335682368,864286.9740472591,2.0463630789890885e-10,-0.705189445568165 
 07/02  22:00:00,12.8,21.0,87.62254364633476,872538.4733637884,0.0,-0.7065952635370337 
 07/02  22:15:00,12.8,20.999999999999996,87.62254891056234,872512.9746928614,3.069544618483633e-10,-0.7062377319723411 
 07/02  22:30:00,12.8,20.999999999999996,87.6225489379738,870101.1148387506,0.0,-0.705923876241162 
 07/02  22:45:00,12.8,21.000000000000004,87.62254379594748,867650.0611546594,0.0,-0.7055631710409787 
 07/02  23:00:00,12.8,21.000000000000004,87.62254378780776,865041.3269306155,2.0463630789890885e-10,-0.7051657322519354 
 07/02  23:15:00,12.8,21.0,87.62254378381242,863536.3433321685,3.069544618483633e-10,-0.7050075416874052 
 07/02  23:30:00,12.8,21.0,87.62254378279528,862053.6404096691,0.0,-0.7047639393164378 
 07/02  23:45:00,12.8,21.000000000000007,87.62254378287106,860396.3327300268,2.0463630789890885e-10,-0.7045028347442556 
 07/02  24:00:00,12.8,21.0,87.62254378309432,858700.7392991883,0.0,-0.7042331699075045 
 07/03  00:15:00,12.8,21.0,87.62254378321718,854788.667324842,0.0,-0.7034790106361646 
 07/03  00:30:00,12.8,21.0,87.62254378325319,850443.9399257897,0.0,-0.7027835292051532 
 07/03  00:45:00,12.8,20.999999999999996,87.62254891974806,846243.2603473775,0.0,-0.7020933340275818 
 07/03  01:00:00,12.8,21.0,87.62254378324782,842125.5628233462,2.0463630789890885e-10,-0.7014144503749384 
 07/03  01:15:00,12.850000000000001,21.0,87.62254378324408,840113.8777345497,1.0231815394945443e-10,-0.7011857161148884 
 07/03  01:30:00,12.9,20.999999999999996,87.62254891973714,838602.0469110719,0.0,-0.700916191497908 
 07/03  01:45:00,12.95,20.999999999999996,87.62254891973701,837025.1395430041,4.092726157978177e-10,-0.7006465845111765 
 07/03  02:00:00,13.0,21.0,87.62254378324286,835455.8537610312,0.0,-0.7003788550013299 
 07/03  02:15:00,13.025,21.0,87.622543783243,833095.0258331284,0.0,-0.699938826575757 
 07/03  02:30:00,13.05,21.0,87.62254378324307,830378.5776504664,0.0,-0.6994771290385874 
 07/03  02:45:00,13.075,21.000000000000004,87.62254378324312,827587.6237064932,0.0,-0.6990045708075301 
 07/03  03:00:00,13.1,21.0,87.62254378324312,824743.8159479669,2.0463630789890885e-10,-0.6985225762159388 
 07/03  03:15:00,13.149999999999999,21.000000000000004,87.6225437832431,822716.503845475,3.069544618483633e-10,-0.6982203035441209 
 07/03  03:30:00,13.2,20.999999999999993,87.62254891973738,821036.7663336375,2.0463630789890885e-10,-0.6979347457025254 
 07/03  03:45:00,13.250000000000002,20.999999999999996,87.62254891973738,819400.4434495255,0.0,-0.6976539152513958 
 07/03  04:00:00,13.3,21.000000000000004,87.6225437832431,817783.1435023228,0.0,-0.6973761296528875 
 07/03  04:15:00,13.3,21.0,87.64414697451114,817200.6963194028,2.0463630789890885e-10,-0.697204213605457 
 07/03  04:30:00,13.3,20.999999999999996,87.6657553048063,816947.920829324,0.0,-0.6970314665689029 
 07/03  04:45:00,13.3,20.999999999999996,87.68735849734074,816707.1229700862,0.0,-0.6968633253848902 
 07/03  05:00:00,13.3,21.0,87.70895654831531,804956.2079110938,0.0,-0.694126736980661 
 07/03  05:15:00,13.3,21.0,87.70895654831531,798930.7465077447,1.0231815394945443e-10,-0.6936311230254295 
 07/03  05:30:00,13.3,21.000000000000004,87.70895654831531,794392.9878416191,1.0231815394945443e-10,-0.6927664504421899 
 07/03  05:45:00,13.3,20.999999999999996,87.70896168987522,775590.0135674523,2.0463630789890885e-10,-0.6888085016073646 
 07/03  06:00:00,13.3,21.0,87.70895654831533,754308.8129158921,0.0,-0.6852527415614886 
 07/03  06:15:00,13.3,21.0,87.70895654831533,734217.3608415294,2.0463630789890885e-10,-0.6817862248766635 
 07/03  06:30:00,13.3,21.000000000000004,87.70895654831534,714641.5294010083,3.069544618483633e-10,-0.6783642871198189 
 07/03  06:45:00,13.3,20.999999999999996,87.70896168987527,698211.9283833319,2.0463630789890885e-10,-0.6756063597105886 
 07/03  07:00:00,13.3,20.999999999999996,87.70896168987528,676458.9382825904,0.0,-0.6713237081719251 
 07/03  07:15:00,13.450000000000001,21.568051943595826,84.95952509085112,0.0,0.0,-0.5470727074482917 
 07/03  07:30:00,13.600000000000001,22.077528966752425,82.64925854882631,0.0,0.0,-0.4394103221663177 
 07/03  07:45:00,13.75,22.46270599430639,81.06425426069754,0.0,0.0,-0.36125480773297497 
 07/03  08:00:00,13.9,22.75895964371732,80.0587103640194,0.0,0.0,-0.30149344620666246 
 07/03  08:15:00,14.025,23.327448719147355,78.67639783993519,0.0,0.0,-0.19071376558502554 
 07/03  08:30:00,14.15,23.90476869349429,78.43238183764335,0.0,0.0,-0.05737691588600272 
 07/03  08:45:00,14.275,23.999805752845123,79.56253785997598,0.0,656225.464291927,-0.0018025481461029435 
 07/03  09:00:00,14.4,23.999996257112876,80.5640927708404,0.0,547137.6610962562,0.015561067199791256 
 07/03  09:15:00,14.55,23.99999990222252,80.99791147304546,0.0,756886.0116458244,0.03146716911859589 
 07/03  09:30:00,14.7,23.999999996858026,80.85303251434539,0.0,936510.6062150642,0.04164682484039422 
 07/03  09:45:00,14.85,23.999999999885745,80.2659038221692,0.0,1053638.916982527,0.04666011060620654 
 07/03  10:00:00,15.0,23.999999999995453,79.38965744700081,0.0,1137928.907608495,0.048043336716534345 
 07/03  10:15:00,15.15,23.999999999999808,78.34434067996584,0.0,1187131.4198516072,0.04601181382336906 
 07/03  10:30:00,15.3,23.999999999999996,77.24352522480685,0.0,1218580.3117999115,0.043039737857528584 
 07/03  10:45:00,15.45,24.0,76.25778006935555,0.0,1163419.8465324156,0.031137753363531945 
 07/03  11:00:00,15.6,23.999999999999996,75.49116084838893,0.0,1092674.3526633654,0.021853944527946936 
 07/03  11:15:00,15.725,24.000000000000007,74.93087755764604,0.0,1046344.9947579366,0.015895715097525367 
 07/03  11:30:00,15.850000000000001,24.0,74.5601917486857,0.0,989751.2841673108,0.008752604455536642 
 07/03  11:45:00,15.975000000000001,24.0,74.41568353402947,0.0,900245.1117387098,-0.0003965173265009022 
 07/03  12:00:00,16.1,24.0,74.49333502233463,0.0,825932.7910419543,-0.005372710292306934 
 07/03  12:15:00,16.25,24.000000000000004,74.87919950659315,0.0,251457.60490684383,-0.01596908409840455 
 07/03  12:30:00,16.4,24.0,75.53780259415545,0.0,177773.0634188854,-0.015232332673918105 
 07/03  12:45:00,16.549999999999997,24.000000000000004,76.2112550304201,0.0,235285.0271138971,-0.0035206768750953286 
 07/03  13:00:00,16.7,24.0,76.67155070852252,0.0,334850.0735234886,0.00770178803512443 
 07/03  13:15:00,16.65,24.0,76.66680563270869,0.0,956482.2369174107,0.021966758295848623 
 07/03  13:30:00,16.6,24.000000000000007,76.2433789842544,0.0,1068218.3872809976,0.02719317327883552 
 07/03  13:45:00,16.55,23.999999999999996,75.70026369321158,0.0,1044190.4052390781,0.01918438297343151 
 07/03  14:00:00,16.5,24.0,75.25292282696236,0.0,992996.6787447565,0.013023495343443625 
 07/03  14:15:00,16.45,24.0,74.96861363849915,0.0,946361.4547702654,0.0077766450475008336 
 07/03  14:30:00,16.4,24.000000000000004,74.84381237846513,0.0,901086.1089912344,0.0034536499980776917 
 07/03  14:45:00,16.35,24.0,74.82469426754265,0.0,878915.8747162558,0.0022249985046755585 
 07/03  15:00:00,16.3,24.0,74.89639560641187,0.0,844207.3838824378,-0.0009138773615243633 
 07/03  15:15:00,16.25,24.000000000000004,75.04149954518394,0.0,819539.2272374107,-0.001627441876979843 
 07/03  15:30:00,16.200000000000003,24.0,75.24518182516066,0.0,798299.9955773398,-0.002309539828229757 
 07/03  15:45:00,16.150000000000002,24.0,75.54354425910816,0.0,750134.3381354124,-0.005392987330471912 
 07/03  16:00:00,16.1,24.0,75.95986128863018,0.0,702267.9905164551,-0.006614037930923584 
 07/03  16:15:00,15.925,24.000000000000007,76.48866674547084,0.0,662158.7673661023,-0.006620926888626236 
 07/03  16:30:00,15.75,23.999999999999996,77.1367821394942,0.0,613393.1637558154,-0.0069591210159930085 
 07/03  16:45:00,15.575000000000001,24.0,77.89393569435299,0.0,573993.801525133,-0.005097304830630134 
 07/03  17:00:00,15.4,24.0,78.75115483935207,0.0,535852.4318095611,-0.0028587283792257507 
 07/03  17:15:00,15.200000000000001,23.889946509765956,80.12348012708826,0.0,0.0,-0.025016739197971625 
 07/03  17:30:00,15.0,23.74946417409243,81.62872280052004,0.0,0.0,-0.04689961298910505 
 07/03  17:45:00,14.799999999999999,23.631110505310936,83.01983585341458,0.0,0.0,-0.0689146789645797 
 07/03  18:00:00,14.6,23.533978337411497,84.30473810910138,0.0,0.0,-0.08708010877784869 
 07/03  18:15:00,14.424999999999999,22.236319338327657,91.35820026712207,0.0,0.0,-0.3133379623072286 
 07/03  18:30:00,14.25,21.04226891980733,98.20451837866432,344101.96135879203,2.5579538487363607e-11,-0.5785683014259954 
 07/03  18:45:00,14.075000000000001,21.00000000000092,98.43974123653285,930776.9879574288,0.0,-0.5967447266303275 
 07/03  19:00:00,13.9,21.000000000000014,98.42872809445578,524210.27413365385,0.0,-0.6040970763396706 
 07/03  19:15:00,13.8,21.0,98.42524821718813,679766.4014530048,3.069544618483633e-10,-0.610640978512159 
 07/03  19:30:00,13.7,21.000000000000004,98.42504386049706,731471.598672308,1.0231815394945443e-10,-0.6201487843641299 
 07/03  19:45:00,13.6,21.000000000000004,98.42552769698214,753893.8383892615,3.069544618483633e-10,-0.6227718911601443 
 07/03  20:00:00,13.5,20.999999999999996,98.42586536517788,767940.4010824386,2.0463630789890885e-10,-0.6256649847568391 
 07/03  20:15:00,13.425,21.000000000000004,98.42597806621514,779708.2494873477,0.0,-0.6278190744318404 
 07/03  20:30:00,13.35,21.0,98.4259925224801,789653.8688271709,0.0,-0.6297091176167505 
 07/03  20:45:00,13.274999999999999,20.999999999999996,98.42598643982467,798247.9117388788,0.0,-0.631304074164034 
 07/03  21:00:00,13.2,21.000000000000004,98.42597090514347,805676.1142799011,0.0,-0.6326734679886101 
 07/03  21:15:00,13.099999999999998,20.999999999999996,98.45016795451222,812870.6463136929,2.0463630789890885e-10,-0.6338764313238499 
 07/03  21:30:00,13.0,20.999999999999996,98.47436245431855,819519.4453902767,5.115907697472721e-10,-0.6349271352369328 
 07/03  21:45:00,12.900000000000002,21.0,98.4985521228393,825317.2154549898,3.069544618483633e-10,-0.6358077062245427 
 07/03  22:00:00,12.8,21.000000000000004,98.52274757764191,830878.0315981229,0.0,-0.6366669647768078 
 07/03  22:15:00,12.750000000000002,21.0,98.522747702491,836348.7875631707,0.0,-0.6376287972463909 
 07/03  22:30:00,12.7,21.000000000000004,98.5227477296518,841701.7556231507,0.0,-0.6385596021698448 
 07/03  22:45:00,12.649999999999999,21.0,98.52274772446269,846999.198535311,3.069544618483633e-10,-0.639475177372532 
 07/03  23:00:00,12.6,20.999999999999993,98.52275349204088,852312.3568580992,0.0,-0.6403882141539606 
 07/03  23:15:00,12.549999999999999,21.0,98.49855253886228,857325.2756865895,1.0231815394945443e-10,-0.6413673944664409 
 07/03  23:30:00,12.5,21.0,98.47435736405671,862328.4884350606,0.0,-0.6423613113288964 
 07/03  23:45:00,12.450000000000001,20.999999999999996,98.45016796154096,867482.6440935858,5.115907697472721e-10,-0.6433765573240545 
 07/03  24:00:00,12.4,21.0,98.42596701674027,872841.0403110118,2.0463630789890885e-10,-0.6444234538374789 
 07/04  00:15:00,12.350000000000001,21.0,98.42596701685991,878238.9685993651,0.0,-0.6453239260735234 
 07/04  00:30:00,12.3,21.0,98.42596701689526,883877.4484160331,3.069544618483633e-10,-0.6462742581774422 
 07/04  00:45:00,12.249999999999998,21.000000000000004,98.42596701689594,889890.8535416743,1.0231815394945443e-10,-0.6472847471770484 
 07/04  01:00:00,12.2,21.0,98.42596701689021,896362.4784444221,0.0,-0.6483699266378766 
 07/04  01:15:00,12.249999999999998,21.0,98.42596701688662,896138.6747546073,0.0,-0.6479916062486707 
 07/04  01:30:00,12.3,21.0,98.42596701688542,893701.5176689574,2.0463630789890885e-10,-0.6476165246546276 
 07/04  01:45:00,12.350000000000001,21.0,98.42596701688535,891218.3692837942,0.0,-0.6472206923721677 
 07/04  02:00:00,12.4,21.0,98.42596701688552,888666.2653959637,4.092726157978177e-10,-0.6468099438457476 
 07/04  02:15:00,12.450000000000001,20.999999999999996,98.42597278668411,886069.2775448933,0.0,-0.6463889622808854 
 07/04  02:30:00,12.5,21.0,98.42596701688568,883445.7320207036,3.069544618483633e-10,-0.6459612169723367 
 07/04  02:45:00,12.549999999999999,20.999999999999996,98.42597278668417,880809.267861383,3.069544618483633e-10,-0.6455293387555272 
 07/04  03:00:00,12.6,20.999999999999996,98.42597278668417,878170.1431496294,2.0463630789890885e-10,-0.6450953352607959 
 07/04  03:15:00,12.649999999999999,21.0,98.42596701688568,875536.0513178686,4.092726157978177e-10,-0.6446607328468718 
 07/04  03:30:00,12.7,20.999999999999996,98.42597278668418,872912.699539629,4.092726157978177e-10,-0.6442266819917865 
 07/04  03:45:00,12.750000000000002,20.999999999999996,98.4259727866842,870304.2496783033,3.069544618483633e-10,-0.6437940391069806 
 07/04  04:00:00,12.8,20.999999999999996,98.42597278668418,867713.6627555998,0.0,-0.6433634308892953 
 07/04  04:15:00,12.900000000000002,20.999999999999996,98.45016796190217,864619.2147854464,3.069544618483633e-10,-0.6426768636353906 
 07/04  04:30:00,13.0,21.0,98.474357364485,861885.5952124578,2.0463630789890885e-10,-0.6421063097235093 
 07/04  04:45:00,13.099999999999998,21.0,98.49855253828464,858770.0771426763,2.0463630789890885e-10,-0.6414117630876264 
 07/04  05:00:00,13.2,21.0,98.5227477120843,827614.6850166433,4.092726157978177e-10,-0.6345569104602405 
 07/04  05:15:00,13.274999999999999,21.0,98.5227477120843,812142.2305892382,3.069544618483633e-10,-0.6332530001258515 
 07/04  05:30:00,13.35,21.0,98.5227477120843,801505.6987961266,4.092726157978177e-10,-0.631268249674501 
 07/04  05:45:00,13.425,21.0,98.5227477120843,749590.5415645421,1.0231815394945443e-10,-0.6201100248237575 
 07/04  06:00:00,13.5,21.0,98.5227477120843,698256.51100514,3.069544618483633e-10,-0.611608585598512 
 07/04  06:15:00,13.6,21.000000000000004,98.5227477120843,648816.761060443,2.0463630789890885e-10,-0.6024297143177799 
 07/04  06:30:00,13.7,21.0,98.5227477120843,591464.2728391399,4.092726157978177e-10,-0.5910851265719119 
 07/04  06:45:00,13.8,21.0,98.5227477120843,572743.9228385964,2.0463630789890885e-10,-0.5900534035661605 
 07/04  07:00:00,13.9,21.000000000000004,98.5227477120843,554570.2593679198,3.069544618483633e-10,-0.5858696117083675 
 07/04  07:15:00,14.225000000000001,20.999999999999996,98.5227534875561,531107.4045773627,2.0463630789890885e-10,-0.5813009529643399 
 07/04  07:30:00,14.55,21.0,98.52274771208427,508991.8634549751,2.0463630789890885e-10,-0.5771230824192483 
 07/04  07:45:00,14.874999999999998,21.0,98.52274771208425,466802.30683641165,1.0231815394945443e-10,-0.5672861973820186 
 07/04  08:00:00,15.2,21.000000000000004,98.52274771208423,416806.9785093842,0.0,-0.5563333595263041 
 07/04  08:15:00,15.524999999999999,21.0,98.52274771208424,376659.4058288767,5.1159076974727213e-11,-0.5476677499103322 
 07/04  08:30:00,15.85,21.0,98.52274771208425,339363.89797532826,5.1159076974727213e-11,-0.5382529493533906 
 07/04  08:45:00,16.175,20.999999999999996,98.52275348755605,296688.2947672453,0.0,-0.5274307060830979 
 07/04  09:00:00,16.5,21.0,98.52274771208423,256671.53705481687,1.0231815394945443e-10,-0.5185674871930297 
 07/04  09:15:00,16.825,20.999999999999996,98.52275348755605,218208.83234610193,1.2789769243681803e-10,-0.5090626082186696 
 07/04  09:30:00,17.15,20.999999999999996,98.52275348755605,181283.50433913508,5.1159076974727213e-11,-0.49965843274923555 
 07/04  09:45:00,17.475,21.0,98.52274771208424,166728.78008835323,5.1159076974727213e-11,-0.4971806799854292 
 07/04  10:00:00,17.8,21.0,98.52274771208425,158194.92865761748,2.5579538487363607e-11,-0.49455438539884916 
 07/04  10:15:00,17.975,21.0,98.52274771208424,155104.0805145949,0.0,-0.4938818148747868 
 07/04  10:30:00,18.15,21.0,98.52274771208424,154322.61674634175,2.5579538487363607e-11,-0.4934874502753587 
 07/04  10:45:00,18.325,20.999999999999993,98.52275348755606,154175.6723127244,2.5579538487363607e-11,-0.4932672695719033 
 07/04  11:00:00,18.5,20.999999999999996,98.52275348755606,155351.78960852136,7.673861546209082e-11,-0.49348940082817305 
 07/04  11:15:00,18.7,21.0,98.52274771208423,156429.70932374994,2.5579538487363607e-11,-0.4941176948408432 
 07/04  11:30:00,18.9,21.000000000000004,98.52274771208425,157772.86702141393,5.1159076974727213e-11,-0.49527247634124055 
 07/04  11:45:00,19.1,21.000000000000007,98.52274771208424,160960.86551989432,2.5579538487363607e-11,-0.49720071425379975 
 07/04  12:00:00,19.3,20.999999999999996,98.52275348755606,167249.69493547615,2.5579538487363607e-11,-0.49916938264416016 
 07/04  12:15:00,19.475,21.000000000000004,98.52274771208423,174598.8613805588,5.1159076974727213e-11,-0.501362777759723 
 07/04  12:30:00,19.65,21.000000000000007,98.52274771208423,168581.11730835005,0.0,-0.49829733437304136 
 07/04  12:45:00,19.825,20.999999999999996,98.52275348755606,163004.19239544572,2.5579538487363607e-11,-0.49710090702050136 
 07/04  13:00:00,20.0,21.0,98.52274771208425,159339.63254258342,5.1159076974727213e-11,-0.4958926307322228 
 07/04  13:15:00,19.9,21.0,98.52274771208424,161118.48602088395,0.0,-0.4967481782756869 
 07/04  13:30:00,19.8,21.0,98.52274771208424,165349.31112909399,2.5579538487363607e-11,-0.4978426574337463 
 07/04  13:45:00,19.700000000000003,21.000000000000004,98.52274771208423,171069.74811823928,2.5579538487363607e-11,-0.49929301968860057 
 07/04  14:00:00,19.6,21.0,98.52274771208424,177322.76325372807,2.5579538487363607e-11,-0.5012163485718776 
 07/04  14:15:00,19.525000000000002,21.0,98.49855253828461,184814.91356922814,2.5579538487363607e-11,-0.5033976511121854 
 07/04  14:30:00,19.450000000000003,21.0,98.47435736448497,193610.00122666045,0.0,-0.5059585402292286 
 07/04  14:45:00,19.375,21.000000000000004,98.45016219068538,206998.7752600202,2.5579538487363607e-11,-0.5099829452702678 
 07/04  15:00:00,19.3,21.0,98.42596701688575,222628.89379573427,2.5579538487363607e-11,-0.5140982954847487 
 07/04  15:15:00,19.200000000000003,20.999999999999996,98.42597278668424,239824.48831591973,5.1159076974727213e-11,-0.5184205451009368 
 07/04  15:30:00,19.1,20.999999999999996,98.42597278668424,258239.9557763692,5.1159076974727213e-11,-0.522880993961764 
 07/04  15:45:00,19.0,21.0,98.42596701688576,280992.44026784255,1.0231815394945443e-10,-0.5286108386591808 
 07/04  16:00:00,18.9,21.0,98.42596701688576,308707.8112595627,1.0231815394945443e-10,-0.535379266035674 
 07/04  16:15:00,18.625,21.000000000000004,98.42596701688575,328010.9680069487,1.5347723092418164e-10,-0.5390349699469466 
 07/04  16:30:00,18.35,20.999999999999996,98.4259727866842,348215.53890362155,0.0,-0.5442534759093745 
 07/04  16:45:00,18.075000000000003,20.999999999999996,98.42597278668418,373490.61461492244,0.0,-0.5506569047198769 
 07/04  17:00:00,17.8,20.999999999999996,98.4259727866842,401731.13277008594,1.5347723092418164e-10,-0.5568734228737681 
 07/04  17:15:00,17.525000000000002,21.0,98.40177184308608,429927.44443696213,0.0,-0.5630527424572529 
 07/04  17:30:00,17.25,20.999999999999996,98.37758243624826,458883.7602873563,1.0231815394945443e-10,-0.5692970735885449 
 07/04  17:45:00,16.974999999999998,20.999999999999996,98.3533872610303,493358.1426463403,1.0231815394945443e-10,-0.576850588844196 
 07/04  18:00:00,16.7,21.0,98.32918632168719,535582.0165482817,0.0,-0.5858191617019862 
 07/04  18:15:00,16.424999999999997,21.0,98.3291863216872,575319.3903443388,1.0231815394945443e-10,-0.5930964483344743 
 07/04  18:30:00,16.15,21.0,98.3291863216872,614211.2698139366,0.0,-0.6004883357945227 
 07/04  18:45:00,15.875,20.999999999999996,98.32919208581234,645481.2477651014,0.0,-0.6057582032958827 
 07/04  19:00:00,15.6,20.999999999999996,98.32919208581234,679203.9872912272,2.0463630789890885e-10,-0.6122671231496324 
 07/04  19:15:00,15.6,21.000000000000004,98.3291863216872,706272.6810622594,3.069544618483633e-10,-0.6166445836955906 
 07/04  19:30:00,15.6,20.999999999999996,98.32919208581234,740621.3575119465,0.0,-0.6233749273243927 
 07/04  19:45:00,15.6,21.0,98.3291863216872,749720.4367093185,2.0463630789890885e-10,-0.6233449214576585 
 07/04  20:00:00,15.6,21.0,98.32918632168719,752140.711465702,0.0,-0.6240338819593819 
 07/04  20:15:00,15.6,20.999999999999996,98.32919208581234,755969.4400719639,1.0231815394945443e-10,-0.6247740950595363 
 07/04  20:30:00,15.6,20.999999999999996,98.32919208581234,759658.0458009617,2.0463630789890885e-10,-0.6254446945409928 
 07/04  20:45:00,15.6,21.000000000000004,98.3291863216872,763107.5143499882,3.069544618483633e-10,-0.6260683111480208 
 07/04  21:00:00,15.6,21.000000000000004,98.3291863216872,766394.5571778698,1.0231815394945443e-10,-0.6266579490542086 
 07/04  21:15:00,15.6,21.0,98.35338149548684,768426.4665804447,0.0,-0.6268253449386891 
 07/04  21:30:00,15.6,21.000000000000004,98.37757666928646,770194.4037692695,0.0,-0.6270186149261685 
 07/04  21:45:00,15.6,21.000000000000004,98.40177184308608,771968.3818392892,1.0231815394945443e-10,-0.6271975651133346 
 07/04  22:00:00,15.6,21.000000000000004,98.42596701688574,773695.9020489706,0.0,-0.6273652544841938 
 07/04  22:15:00,15.375,21.0,98.42596701688574,780321.8188833082,1.0231815394945443e-10,-0.6287893599047756 
 07/04  22:30:00,15.149999999999999,21.0,98.42596701688574,787927.7215260378,1.0231815394945443e-10,-0.6300616252736645 
 07/04  22:45:00,14.924999999999999,21.0,98.42596701688572,795417.9955933815,0.0,-0.6313563077083636 
 07/04  23:00:00,14.7,20.999999999999996,98.42597278668418,802969.9382617343,2.0463630789890885e-10,-0.6326540196351165 
 07/04  23:15:00,14.45,21.0,98.40177184308608,811286.8924031431,3.069544618483633e-10,-0.6342583164222642 
 07/04  23:30:00,14.2,21.000000000000004,98.37757666928646,819831.3794345816,1.0231815394945443e-10,-0.6358535203634196 
 07/04  23:45:00,13.95,21.0,98.35338149548684,828406.7420216631,1.0231815394945443e-10,-0.6374542873379988 
 07/04  24:00:00,13.7,21.0,98.32918632168719,837023.3967915335,0.0,-0.6390576211515275 
 07/05  00:15:00,13.474999999999998,20.999999999999996,98.32919208581234,845108.0570787998,1.0231815394945443e-10,-0.6403973426850548 
 07/05  00:30:00,13.25,21.0,98.3291863216872,853072.050301557,2.0463630789890885e-10,-0.641746887927248 
 07/05  00:45:00,13.025000000000002,20.999999999999996,98.32919208581234,861060.7810882321,0.0,-0.6430936490731256 
 07/05  01:00:00,12.8,20.999999999999996,98.32919208581234,869060.782351527,2.0463630789890885e-10,-0.644438986716535 
 07/05  01:15:00,12.700000000000001,21.0,98.3291863216872,872498.8614127511,2.0463630789890885e-10,-0.6447814650236143 
 07/05  01:30:00,12.600000000000001,21.0,98.32918632168719,875262.6460405756,0.0,-0.645306531085802 
 07/05  01:45:00,12.5,20.999999999999996,98.32919208581234,877727.9845100013,1.0231815394945443e-10,-0.6456993922757136 
 07/05  02:00:00,12.4,21.0,98.3291863216872,880454.0125799484,0.0,-0.6461902726149584 
 07/05  02:15:00,12.325000000000001,21.0,98.3291863216872,882847.1466710374,1.0231815394945443e-10,-0.6465703285299854 
 07/05  02:30:00,12.25,20.999999999999996,98.32919208581234,885269.3861629035,0.0,-0.6469904072687405 
 07/05  02:45:00,12.174999999999999,20.999999999999996,98.32919208581234,887747.0295569653,0.0,-0.6474073242254949 
 07/05  03:00:00,12.1,21.0,98.3291863216872,890203.3943702327,3.069544618483633e-10,-0.6478191057985461 
 07/05  03:15:00,12.0,20.999999999999996,98.32919208581234,893504.8105644434,0.0,-0.6484160467455273 
 07/05  03:30:00,11.899999999999999,20.999999999999996,98.32919208581234,896804.4040056369,0.0,-0.6489502848723903 
 07/05  03:45:00,11.799999999999999,20.999999999999996,98.32919208581234,900017.0322349978,2.0463630789890885e-10,-0.649485699077021 
 07/05  04:00:00,11.7,21.000000000000004,98.3291863216872,903227.5707463016,2.0463630789890885e-10,-0.6500193659814114 
 07/05  04:15:00,11.825,21.0,98.3291863216872,901644.6240480088,1.0231815394945443e-10,-0.6495145983955632 
 07/05  04:30:00,11.95,21.0,98.32918632168719,897982.0787636891,0.0,-0.6488971814938462 
 07/05  04:45:00,12.075,21.0,98.3291863216872,894370.0561726503,2.0463630789890885e-10,-0.6483201472813517 
 07/05  05:00:00,12.2,21.0,98.32918632168719,836770.8697747396,1.0231815394945443e-10,-0.6358569007560136 
 07/05  05:15:00,12.349999999999998,21.0,98.32918632168719,789879.7662216988,1.0231815394945443e-10,-0.6290877530465627 
 07/05  05:30:00,12.5,21.0,98.32918632168719,750131.9923607331,2.0463630789890885e-10,-0.6219548200667453 
 07/05  05:45:00,12.650000000000002,21.000000000000004,98.3291863216872,696165.9685359016,1.0231815394945443e-10,-0.6113134530156837 
 07/05  06:00:00,12.8,21.0,98.3291863216872,643750.2411255774,0.0,-0.6015878854494034 
 07/05  06:15:00,12.925,21.0,98.3291863216872,592296.1927480319,0.0,-0.5912476242429915 
 07/05  06:30:00,13.05,21.0,98.32918632168719,542082.2452220677,0.0,-0.5805718447829508 
 07/05  06:45:00,13.175,21.0,98.3291863216872,520431.97251484817,1.0231815394945443e-10,-0.5774866227954001 
 07/05  07:00:00,13.3,21.0,98.32918632168719,503583.6996990911,0.0,-0.5737295139675402 
 07/05  07:15:00,13.575000000000001,21.000000000000004,98.3291863216872,482953.12824821885,1.0231815394945443e-10,-0.5693462917102713 
 07/05  07:30:00,13.850000000000001,20.999999999999996,98.32919208581234,462945.4929814009,1.0231815394945443e-10,-0.5653887624732629 
 07/05  07:45:00,14.125,21.0,98.32918632168719,435923.0583290119,0.0,-0.5588831373039749 
 07/05  08:00:00,14.4,21.0,98.32918632168717,406470.3473660611,1.0231815394945443e-10,-0.5527804543932551 
 07/05  08:15:00,14.700000000000001,21.000000000000004,98.35338149548681,379862.6469660776,5.1159076974727213e-11,-0.5471082938293664 
 07/05  08:30:00,15.0,20.999999999999996,98.37758243624822,352455.7778144095,2.0463630789890885e-10,-0.5410081869112788 
 07/05  08:45:00,15.299999999999999,21.0,98.40177184308605,330237.186771254,1.0231815394945443e-10,-0.5366054240745798 
 07/05  09:00:00,15.6,21.0,98.4259670168857,310676.6839352116,1.5347723092418164e-10,-0.5323168014668448 
 07/05  09:15:00,15.875,20.999999999999996,98.4259727866842,293170.2370800849,5.1159076974727213e-11,-0.5286165152494262 
 07/05  09:30:00,16.15,21.0,98.42596701688572,277885.13747842703,0.0,-0.5253435854201293 
 07/05  09:45:00,16.424999999999997,21.0,98.4259670168857,267209.01559755293,5.1159076974727213e-11,-0.5233517553577919 
 07/05  10:00:00,16.7,21.0,98.42596701688572,256901.4886235123,5.1159076974727213e-11,-0.5210166865052989 
 07/05  10:15:00,16.75,21.0,98.4017718430861,252886.88001248922,5.1159076974727213e-11,-0.5209739546657564 
 07/05  10:30:00,16.799999999999997,21.0,98.37757666928646,251143.32002883928,0.0,-0.5212072157743527 
 07/05  10:45:00,16.849999999999998,21.000000000000004,98.35338149548684,247964.16717857646,5.1159076974727213e-11,-0.5213218281428375 
 07/05  11:00:00,16.9,21.000000000000004,98.32918632168719,246495.686023487,0.0,-0.5218481163444061 
 07/05  11:15:00,16.924999999999997,21.0,98.32918632168719,247224.62517215786,0.0,-0.5223617365126838 
 07/05  11:30:00,16.95,21.0,98.3291863216872,249724.52350879062,0.0,-0.5232758214341268 
 07/05  11:45:00,16.975,21.0,98.32918632168719,257823.50552522292,0.0,-0.5258034402620413 
 07/05  12:00:00,17.0,20.999999999999996,98.32919208581234,268410.56487629644,5.1159076974727213e-11,-0.5284479790960608 
 07/05  12:15:00,17.05,21.0,98.3291863216872,279499.1416051864,1.0231815394945443e-10,-0.531095985842825 
 07/05  12:30:00,17.1,21.0,98.32918632168719,275631.90408575354,0.0,-0.5290320616585439 
 07/05  12:45:00,17.15,20.999999999999996,98.32919208581234,269814.11075219,5.1159076974727213e-11,-0.5278949968219052 
 07/05  13:00:00,17.2,21.0,98.3291863216872,265620.173443358,1.0231815394945443e-10,-0.526909191230286 
 07/05  13:15:00,17.15,21.0,98.32918632168719,262782.2495028409,0.0,-0.5262455322151866 
 07/05  13:30:00,17.1,21.0,98.32918632168717,261317.4107166258,5.1159076974727213e-11,-0.5258486596206375 
 07/05  13:45:00,17.05,21.0,98.32918632168716,262664.83390469,5.1159076974727213e-11,-0.5262033856433376 
 07/05  14:00:00,17.0,21.000000000000004,98.32918632168716,266029.50850229134,1.0231815394945443e-10,-0.5268841041573635 
 07/05  14:15:00,16.975,21.000000000000004,98.30499114788753,269484.02875903633,1.5347723092418164e-10,-0.5275213565191721 
 07/05  14:30:00,16.95,20.999999999999996,98.28080173537636,274315.3684973739,0.0,-0.5285532316033588 
 07/05  14:45:00,16.924999999999997,21.0,98.25660080028827,285556.8644903859,0.0,-0.5315130459628964 
 07/05  15:00:00,16.9,21.0,98.23240562648861,299308.1803237954,0.0,-0.5346074366204058 
 07/05  15:15:00,16.849999999999998,21.0,98.23240562648861,315724.45003862196,0.0,-0.5383628034689223 
 07/05  15:30:00,16.799999999999997,20.999999999999996,98.2324113849404,333675.3322577446,0.0,-0.5423226251170339 
 07/05  15:45:00,16.75,20.999999999999996,98.23241138494042,349169.0642186281,0.0,-0.545022847459815 
 07/05  16:00:00,16.7,21.0,98.23240562648864,364414.03868475545,0.0,-0.5481038355256405 
 07/05  16:15:00,16.599999999999998,21.000000000000004,98.23240562648866,370490.02941445034,5.1159076974727213e-11,-0.5483470888995344 
 07/05  16:30:00,16.5,20.999999999999996,98.23241138494046,374254.15976909426,2.5579538487363607e-10,-0.5489552956181987 
 07/05  16:45:00,16.400000000000002,20.999999999999996,98.23241138494049,388300.80184021057,1.0231815394945443e-10,-0.5527767758497321 
 07/05  17:00:00,16.3,21.000000000000004,98.2324056264887,405262.7555355797,1.0231815394945443e-10,-0.5565515544517987 
 07/05  17:15:00,16.225,20.999999999999996,98.23241138494049,422364.9225850659,5.1159076974727213e-11,-0.5607800298377166 
 07/05  17:30:00,16.15,21.0,98.2324056264887,442761.96176589944,1.0231815394945443e-10,-0.5651453676011825 
 07/05  17:45:00,16.075,21.000000000000004,98.23240562648868,466140.71318768593,0.0,-0.5704324977418012 
 07/05  18:00:00,16.0,21.000000000000004,98.23240562648868,491300.1780744807,1.0231815394945443e-10,-0.5757061202545692 
 07/05  18:15:00,15.9,21.0,98.23240562648868,516855.8344810528,0.0,-0.5809366056327293 
 07/05  18:30:00,15.8,21.0,98.23240562648868,543058.4813209461,1.0231815394945443e-10,-0.5862182498723393 
 07/05  18:45:00,15.7,21.0,98.23240562648867,580688.3625598712,1.0231815394945443e-10,-0.5944532316509079 
 07/05  19:00:00,15.6,21.000000000000004,98.23240562648866,620932.7388068218,1.0231815394945443e-10,-0.6020233654890341 
 07/05  19:15:00,15.549999999999999,21.0,98.23240562648866,668445.3025072666,3.069544618483633e-10,-0.6114367203032953 
 07/05  19:30:00,15.5,21.0,98.23240562648866,745868.205226041,3.069544618483633e-10,-0.6270391904985649 
 07/05  19:45:00,15.450000000000001,20.999999999999996,98.23241138494043,765779.1948333321,4.092726157978177e-10,-0.6263570744794691 
 07/05  20:00:00,15.4,21.0,98.23240562648863,769925.4041028055,2.0463630789890885e-10,-0.6277008137102101 
 07/05  20:15:00,15.350000000000001,20.999999999999996,98.2324113849404,775447.1352219905,0.0,-0.628642211971712 
 07/05  20:30:00,15.3,21.000000000000004,98.23240562648861,780441.8811006087,0.0,-0.6295699678531166 
 07/05  20:45:00,15.249999999999998,21.0,98.23240562648861,785173.8559511134,1.0231815394945443e-10,-0.6304199347389924 
 07/05  21:00:00,15.2,21.0,98.23240562648863,789623.9798585624,0.0,-0.631214151788353 
 07/05  21:15:00,15.149999999999999,21.0,98.23240562648866,794010.3153965741,0.0,-0.6319974360340406 
 07/05  21:30:00,15.1,21.0,98.23240562648867,798315.867296862,3.069544618483633e-10,-0.6327542192362894 
 07/05  21:45:00,15.05,21.0,98.23240562648867,802558.0418071593,1.0231815394945443e-10,-0.6334959574499485 
 07/05  22:00:00,15.0,20.999999999999996,98.23241138494045,806784.2902413198,1.0231815394945443e-10,-0.6342311605021899 
 07/05  22:15:00,14.85,20.999999999999996,98.23241138494045,812266.7190069564,2.0463630789890885e-10,-0.635248634853592 
 07/05  22:30:00,14.7,21.000000000000004,98.23240562648867,818101.0587169717,3.069544618483633e-10,-0.6362468719673278 
 07/05  22:45:00,14.55,21.000000000000004,98.23240562648867,823901.3335510415,0.0,-0.6372396976230615 
 07/05  23:00:00,14.4,20.999999999999996,98.23241138494045,829688.7990011928,0.0,-0.6382275430577662 
 07/05  23:15:00,14.275,21.0,98.20821045268903,834574.597308605,2.0463630789890885e-10,-0.6391537179135631 
 07/05  23:30:00,14.15,21.000000000000004,98.18401527888942,839172.6352319785,4.092726157978177e-10,-0.6400799230903218 
 07/05  23:45:00,14.025,20.999999999999996,98.15982585928656,843752.1932863918,4.092726157978177e-10,-0.6409986171592055 
 07/05  24:00:00,13.9,21.0,98.13562493129017,848308.7448559424,3.069544618483633e-10,-0.6419118199495594 
 07/06  00:15:00,13.75,21.000000000000004,98.13562493129015,853750.6429200348,4.092726157978177e-10,-0.6428789748750084 
 07/06  00:30:00,13.600000000000001,21.0,98.13562493129015,859465.6934673986,0.0,-0.6438392546351395 
 07/06  00:45:00,13.450000000000001,20.999999999999996,98.13563068406856,865189.6611212548,1.0231815394945443e-10,-0.6448017878022162 
 07/06  01:00:00,13.3,21.000000000000004,98.13562493129014,870933.0138074975,0.0,-0.6457656159665309 
 07/06  01:15:00,13.250000000000002,20.999999999999996,98.13563068406853,872557.3518755522,1.0231815394945443e-10,-0.64583159260029 
 07/06  01:30:00,13.2,21.000000000000004,98.13562493129011,873114.294253158,3.069544618483633e-10,-0.6459569972786894 
 07/06  01:45:00,13.149999999999999,21.000000000000004,98.13562493129012,874147.2781123846,4.092726157978177e-10,-0.6461603343860949 
 07/06  02:00:00,13.1,20.999999999999996,98.13563068406852,874783.1247052096,3.069544618483633e-10,-0.6462509909623384 
 07/06  02:15:00,13.075,20.999999999999996,98.13563068406852,875298.204631783,5.115907697472721e-10,-0.6463467871522224 
 07/06  02:30:00,13.05,20.999999999999996,98.13563068406852,875803.7050777313,5.115907697472721e-10,-0.6464365844858334 
 07/06  02:45:00,13.025,21.0,98.13562493129014,876289.3363542916,5.115907697472721e-10,-0.646522484835634 
 07/06  03:00:00,13.0,20.999999999999996,98.13563068406856,876757.7429628771,0.0,-0.6466046315300176 
 07/06  03:15:00,12.95,20.999999999999996,98.13563068406857,877724.6680729216,3.069544618483633e-10,-0.6467962734547681 
 07/06  03:30:00,12.9,21.0,98.13562493129018,878728.1798181498,2.0463630789890885e-10,-0.6469599206096828 
 07/06  03:45:00,12.850000000000001,21.0,98.13562493129017,879691.2995977853,4.092726157978177e-10,-0.6471239739035949 
 07/06  04:00:00,12.8,21.000000000000004,98.13562493129017,880667.1957312259,5.115907697472721e-10,-0.6472903114859148 
 07/06  04:15:00,12.925,21.000000000000007,98.13562493129018,878862.6672800955,5.115907697472721e-10,-0.6468451934802053 
 07/06  04:30:00,13.05,21.0,98.13562493129017,875585.5765317207,5.115907697472721e-10,-0.6462753771030847 
 07/06  04:45:00,13.175,21.000000000000004,98.13562493129017,872366.5065474743,5.115907697472721e-10,-0.645754263009305 
 07/06  05:00:00,13.3,20.999999999999996,98.13563068406857,824639.3278200295,4.092726157978177e-10,-0.6353667158328861 
 07/06  05:15:00,13.450000000000001,21.0,98.13562493129015,788269.6370596197,3.069544618483633e-10,-0.6303901536082318 
 07/06  05:30:00,13.600000000000001,21.0,98.13562493129014,745653.8226369893,2.0463630789890885e-10,-0.6221006527789193 
 07/06  05:45:00,13.75,21.0,98.13562493129014,691245.8696357007,0.0,-0.6118114096671455 
 07/06  06:00:00,13.9,21.0,98.13562493129014,634031.0368847302,0.0,-0.6009831331546461 
 07/06  06:15:00,14.025,21.0,98.13562493129014,576830.502987402,0.0,-0.5896894875453244 
 07/06  06:30:00,14.15,21.0,98.13562493129015,513212.34241199744,0.0,-0.5759051629453465 
 07/06  06:45:00,14.275,20.999999999999996,98.13563068406856,468663.43073166074,1.0231815394945443e-10,-0.566356593197593 
 07/06  07:00:00,14.4,21.0,98.13562493129015,424404.44477785134,1.5347723092418164e-10,-0.5561698374472777 
 07/06  07:15:00,14.625,21.848753514848894,93.40959350840927,0.0,0.0,-0.38811444999313033 
 07/06  07:30:00,14.850000000000001,22.554540605507302,89.73741358170109,0.0,0.0,-0.23397047665511572 
 07/06  07:45:00,15.075000000000001,23.071371380847935,87.25711809114934,0.0,0.0,-0.13458482547986053 
 07/06  08:00:00,15.3,23.446096419192024,85.62896109690956,0.0,0.0,-0.060513739449377525 
 07/06  08:15:00,15.55,23.97041201981875,83.81551901741108,0.0,707798.8427033281,0.04401250044056635 
 07/06  08:30:00,15.8,23.999920741707907,82.93678982962304,0.0,1438231.8159820505,0.06700488712032776 
 07/06  08:45:00,16.05,23.999997178598786,81.86713311712197,0.0,1050531.643269438,0.06469465341596094 
 07/06  09:00:00,16.3,23.99999988229357,80.61937056403985,0.0,1213165.5320060037,0.06203683781424808 
 07/06  09:15:00,16.525000000000002,23.999999994796482,79.29194575663921,0.0,1255676.7617149106,0.05750159529996809 
 07/06  09:30:00,16.75,23.999999999760522,77.96092064826541,0.0,1274723.873881719,0.052167202075154184 
 07/06  09:45:00,16.974999999999998,23.999999999988688,76.68798603214788,0.0,1274473.2925894915,0.04547269367627194 
 07/06  10:00:00,17.2,23.99999999999946,75.51009612452802,0.0,1265365.986122499,0.03898812789331528 
 07/06  10:15:00,17.474999999999998,23.999999999999975,74.42441612979064,0.0,1264395.8029673018,0.03420762091451562 
 07/06  10:30:00,17.75,24.0,73.42564323967547,0.0,1260344.718137848,0.02918240383287224 
 07/06  10:45:00,18.025000000000002,24.0,72.51933137785778,0.0,1249011.5061893857,0.023985510305988996 
 07/06  11:00:00,18.3,24.0,71.71184258023881,0.0,1233876.0955839828,0.019020686638964383 
 07/06  11:15:00,18.6,24.0,71.00146650398092,0.0,1219263.540360584,0.014679524472104416 
 07/06  11:30:00,18.9,23.999999999999996,70.38336156203015,0.0,1203802.6262228056,0.010587166269111577 
 07/06  11:45:00,19.2,24.000000000000004,69.85589503420057,0.0,1184702.9698942178,0.006443436450862637 
 07/06  12:00:00,19.5,24.0,69.41637983122835,0.0,1164437.9048162703,0.002651312005310105 
 07/06  12:15:00,19.775,24.0,68.96945524129167,0.0,699129.8207395734,-0.008299368830081798 
 07/06  12:30:00,20.05,24.0,68.51115972059053,0.0,702427.6824331717,-0.007276775267716845 
 07/06  12:45:00,20.325000000000003,23.999999999999996,68.03901253279628,0.0,718945.8260354785,-0.00835370366594014 
 07/06  13:00:00,20.6,23.999999999999996,67.55983000608735,0.0,730621.3280857967,-0.009362170235285168 
 07/06  13:15:00,20.5,24.0,67.23705268365617,0.0,1159872.2961703865,-0.0035508552922568137 
 07/06  13:30:00,20.4,24.000000000000007,67.01065895539513,0.0,1169495.1075096494,-0.004627534918542994 
 07/06  13:45:00,20.299999999999997,24.0,66.83025192964693,0.0,1165746.215091799,-0.005402151558396847 
 07/06  14:00:00,20.2,24.0,66.67573127474176,0.0,1160747.1631839394,-0.0063608817868677295 
 07/06  14:15:00,20.099999999999998,24.000000000000004,66.53132397433716,0.0,1151905.637091516,-0.00776327999196149 
 07/06  14:30:00,20.0,24.0,66.41910339441176,0.0,1140350.3456738591,-0.009299447596804277 
 07/06  14:45:00,19.900000000000002,23.999999999999993,66.34796421915298,0.0,1122654.467256039,-0.011545910595416176 
 07/06  15:00:00,19.8,23.999999999999996,66.32351107866037,0.0,1102118.5462060182,-0.013758648412917312 
 07/06  15:15:00,19.700000000000003,24.0,66.36145765166592,0.0,1081273.738839668,-0.015723907727669247 
 07/06  15:30:00,19.6,24.000000000000004,66.44434257841853,0.0,1058583.1824444744,-0.017775497533440134 
 07/06  15:45:00,19.5,24.0,66.59017173456523,0.0,1019344.966513366,-0.02210067319971007 
 07/06  16:00:00,19.4,24.000000000000007,66.80920903079412,0.0,978916.7043447158,-0.02543144483407308 
 07/06  16:15:00,19.075,24.0,67.09768254935686,0.0,942319.5133676502,-0.02814256527042555 
 07/06  16:30:00,18.75,23.999999999999993,67.44901963418185,0.0,906598.9569799348,-0.03045655656489713 
 07/06  16:45:00,18.425,23.999999999999996,67.88085189089202,0.0,854284.6304938749,-0.03467776609564612 
 07/06  17:00:00,18.1,24.0,68.40101732443607,0.0,804676.953597102,-0.03691545532280004 
 07/06  17:15:00,17.8,23.999999999999996,68.88650749246658,0.0,141351.57745471812,-0.04929600223775272 
 07/06  17:30:00,17.5,24.000000000000007,69.44726257045278,0.0,61969.08424025854,-0.05062012690945412 
 07/06  17:45:00,17.2,23.991259903046736,70.19038648113214,0.0,0.0,-0.055573339392584624 
 07/06  18:00:00,16.9,23.94052022616131,71.19215492387025,0.0,0.0,-0.06535942406216576 
 07/06  18:15:00,16.575,22.63269149665792,77.19113042168422,0.0,0.0,-0.2953213634257167 
 07/06  18:30:00,16.25,21.208112251718923,84.14473804503895,148037.4980280249,1.0231815394945443e-11,-0.5947812294309374 
 07/06  18:45:00,15.924999999999999,21.000000032853798,85.19863352490422,793141.7819826474,2.0463630789890885e-10,-0.6551149101065805 
 07/06  19:00:00,15.6,21.000000000505842,85.1873900253839,483531.1276115008,1.0231815394945443e-10,-0.6653257626357565 
 07/06  19:15:00,15.549999999999999,21.000000000009422,85.18381427277876,591140.3357359617,1.0231815394945443e-10,-0.6750221426418366 
 07/06  19:30:00,15.5,21.000000000000195,85.18359083051276,669717.3539164133,0.0,-0.6855376320706005 
 07/06  19:45:00,15.450000000000001,21.0,85.18408117864973,692405.0965819387,0.0,-0.6880913078676345 
 07/06  20:00:00,15.4,21.0,85.18442140348235,705441.5793962742,4.092726157978177e-10,-0.6909188400484825 
 07/06  20:15:00,15.350000000000001,21.0,85.18454419546481,716519.2386401013,0.0,-0.6930521037424601 
 07/06  20:30:00,15.3,21.0,85.18455988660162,725603.8681353581,2.0463630789890885e-10,-0.6948448856517451 
 07/06  20:45:00,15.249999999999998,21.000000000000004,85.18454799780942,733071.4883036797,0.0,-0.6962907081401305 
 07/06  21:00:00,15.2,21.0,85.1845379637277,739166.2231766658,2.0463630789890885e-10,-0.6974675235577592 
 07/06  21:15:00,15.149999999999999,20.999999999999996,85.18453889007833,742334.7576181152,0.0,-0.6980122405241036 
 07/06  21:30:00,15.1,21.0,85.18453316102071,744297.9038780017,0.0,-0.6984479511254083 
 07/06  21:45:00,15.05,21.0,85.18453342238246,745554.810403205,0.0,-0.6987232980939114 
 07/06  22:00:00,15.0,21.0,85.18453371125683,746018.1352948056,4.092726157978177e-10,-0.6988418469300053 
 07/06  22:15:00,14.85,21.000000000000004,85.18453384245748,751122.4998431116,2.0463630789890885e-10,-0.700051707735694 
 07/06  22:30:00,14.7,21.0,85.18453387225716,756843.3410049693,2.0463630789890885e-10,-0.7010230695664673 
 07/06  22:45:00,14.55,21.0,85.18453386755186,762421.1846389527,0.0,-0.7020299995570116 
 07/06  23:00:00,14.4,21.0,85.18453385946152,767960.2562499226,1.0231815394945443e-10,-0.7030065202159189 
 07/06  23:15:00,14.275,20.999999999999996,85.1845388489104,772718.4964300414,0.0,-0.7038078889927885 
 07/06  23:30:00,14.15,20.999999999999996,85.1845388477995,777179.6340871162,3.069544618483633e-10,-0.7045934198775662 
 07/06  23:45:00,14.025,21.0,85.18453385426487,781570.1415923352,1.0231815394945443e-10,-0.705362252941121 
 07/06  24:00:00,13.9,20.999999999999996,85.18453884806098,785702.6174267586,1.0231815394945443e-10,-0.7060725853465033 
 07/07  00:15:00,13.75,21.0,85.18453385461146,790738.040575794,3.069544618483633e-10,-0.7070020524632852 
 07/07  00:30:00,13.600000000000001,20.999999999999996,85.18453884822719,796062.1629232389,0.0,-0.7079200366579971 
 07/07  00:45:00,13.450000000000001,21.0,85.18453385465251,801370.2874059954,0.0,-0.7088352922450714 
 07/07  01:00:00,13.3,21.0,85.18453385464677,806674.8439460632,2.0463630789890885e-10,-0.709747742150816 
 07/07  01:15:00,13.200000000000001,21.0,85.16351101805492,811026.767227972,0.0,-0.7105665428549447 
 07/07  01:30:00,13.100000000000001,21.0,85.14248818146557,814859.965884015,2.0463630789890885e-10,-0.7113374751198605 
 07/07  01:45:00,13.0,21.000000000000004,85.12146534487741,818609.5559509096,1.0231815394945443e-10,-0.7121026236811917 
 07/07  02:00:00,12.9,20.999999999999996,85.10044749693652,822337.5584490235,0.0,-0.7128624296552405 
 07/07  02:15:00,12.825000000000001,21.0,85.10044250828967,825224.2155822187,0.0,-0.7133120880135778 
 07/07  02:30:00,12.75,21.0,85.10044250828972,828395.8894241216,3.069544618483633e-10,-0.7138865039044427 
 07/07  02:45:00,12.674999999999999,21.000000000000007,85.10044250828976,831175.3889607331,1.0231815394945443e-10,-0.7143297637430797 
 07/07  03:00:00,12.6,20.999999999999996,85.10044749693677,834316.643055022,2.0463630789890885e-10,-0.7148959703836666 
 07/07  03:15:00,12.5,21.000000000000004,85.10044250828977,838043.8993721323,0.0,-0.7155497954622877 
 07/07  03:30:00,12.399999999999999,21.0,85.10044250828977,841903.2799562155,4.092726157978177e-10,-0.7162026096260232 
 07/07  03:45:00,12.299999999999999,21.0,85.10044250828977,845774.4465848956,0.0,-0.716857444653098 
 07/07  04:00:00,12.2,21.0,85.10044250828979,849660.8134153817,0.0,-0.7175139590964071 
 07/07  04:15:00,12.349999999999998,20.999999999999996,85.12147033475718,846977.9819368148,2.0463630789890885e-10,-0.7165996713324057 
 07/07  04:30:00,12.5,20.999999999999996,85.14249317257756,842246.4441535755,2.0463630789890885e-10,-0.7157062872764144 
 07/07  04:45:00,12.650000000000002,20.999999999999996,85.16351601039794,837442.3730574697,3.069544618483633e-10,-0.714780055923244 
 07/07  05:00:00,12.8,21.0,85.18453385464188,821911.5537140191,2.0463630789890885e-10,-0.7114789512217289 
 07/07  05:15:00,12.925,20.999999999999996,85.18453884821835,814751.243715495,3.069544618483633e-10,-0.7109155406530434 
 07/07  05:30:00,13.05,20.999999999999996,85.18453884821837,809140.2692576376,3.069544618483633e-10,-0.7098292508770183 
 07/07  05:45:00,13.175,21.0,85.18453385464194,795072.6446450687,0.0,-0.7070173164864522 
 07/07  06:00:00,13.3,20.999999999999996,85.18453884821841,778905.5947923865,1.0231815394945443e-10,-0.7042692363449278 
 07/07  06:15:00,13.450000000000001,20.999999999999996,85.18453884821841,759690.6440795665,2.0463630789890885e-10,-0.7007816821627345 
 07/07  06:30:00,13.600000000000001,21.0,85.18453385464197,736115.6644189055,3.069544618483633e-10,-0.6964807663996756 
 07/07  06:45:00,13.75,21.0,85.18453385464197,707412.8988812838,1.0231815394945443e-10,-0.6912022050645353 
 07/07  07:00:00,13.9,21.0,85.18453385464197,679459.8273776025,1.0231815394945443e-10,-0.6863287469815118 
 07/07  07:15:00,14.0,21.57148352433296,82.48332488307518,0.0,0.0,-0.5605746254188877 
 07/07  07:30:00,14.100000000000001,22.082477299309936,80.22151019291151,0.0,0.0,-0.45327732764579337 
 07/07  07:45:00,14.200000000000001,22.49132542111635,78.56047327565739,0.0,0.0,-0.3660503826410815 
 07/07  08:00:00,14.3,22.868917859311708,77.2683766381867,0.0,0.0,-0.28989053743560717 
 07/07  08:15:00,14.375000000000002,23.470705642210817,75.81546206149433,0.0,0.0,-0.16440492244689406 
 07/07  08:30:00,14.45,23.907032979978673,75.33301045996406,0.0,162645.50571126328,-0.05121969532775498 
 07/07  08:45:00,14.524999999999999,23.999966033960852,76.05309956714093,0.0,599105.1736782629,-0.02219101923205857 
 07/07  09:00:00,14.6,23.999999335825624,77.05618820476663,0.0,517499.55196580174,-0.01281672887531541 
 07/07  09:15:00,14.7,23.9999999865903,77.99193063688793,0.0,545339.0924701282,-0.005332733639043229 
 07/07  09:30:00,14.8,23.999999999714078,78.81154294687195,0.0,587286.494006766,0.0012007753967941133 
 07/07  09:45:00,14.9,23.999999999992525,79.3060084375261,0.0,735001.1828927635,0.01865193544764618 
 07/07  10:00:00,15.0,23.999999999999766,79.33553786322824,0.0,897872.4520744,0.030654060500643905 
 07/07  10:15:00,15.275,23.99999999999999,78.87587562765059,0.0,1033487.03080351,0.038213494741279344 
 07/07  10:30:00,15.55,24.0,78.05436696114502,0.0,1147566.8590470266,0.04265797172762951 
 07/07  10:45:00,15.825000000000001,23.999999999999996,77.0630922728242,0.0,1183683.3315922022,0.038757675721972785 
 07/07  11:00:00,16.1,24.000000000000004,76.04261316121041,0.0,1198633.755259376,0.03516947653161839 
 07/07  11:15:00,16.375,24.000000000000007,75.06806989952182,0.0,1211598.2914448048,0.031729095442412564 
 07/07  11:30:00,16.65,23.999999999999993,74.12022318598876,0.0,1232026.9367975555,0.029604074927176736 
 07/07  11:45:00,16.924999999999997,24.0,73.22624735133681,0.0,1228023.857926329,0.024457674329907576 
 07/07  12:00:00,17.2,24.0,72.39726370543495,0.0,1226708.620917228,0.02116581371547421 
 07/07  12:15:00,17.474999999999998,24.0,71.64711788168854,0.0,734819.3415851246,0.009074140884719827 
 07/07  12:30:00,17.75,23.999999999999996,70.92462870767109,0.0,755075.0388596947,0.010742083694628384 
 07/07  12:45:00,18.025000000000002,24.000000000000004,70.21156173174903,0.0,765120.6955866988,0.006785158492287381 
 07/07  13:00:00,18.3,24.000000000000004,69.5199441919287,0.0,765401.5783353206,0.0035736257888934623 
 07/07  13:15:00,18.35,24.0,68.96034250119938,0.0,1193306.2532561796,0.005348886126612305 
 07/07  13:30:00,18.4,24.000000000000004,68.52845950931416,0.0,1179170.6831185203,0.0008713192896293247 
 07/07  13:45:00,18.45,23.999999999999996,68.20456878632376,0.0,1149273.7884171498,-0.003387883269284569 
 07/07  14:00:00,18.5,24.0,67.97480603136042,0.0,1119862.0250109555,-0.007224919562644071 
 07/07  14:15:00,18.55,23.999999999999996,67.84426040343835,0.0,1091872.109900214,-0.010539576650975395 
 07/07  14:30:00,18.6,24.0,67.78711688268008,0.0,1064412.0590150347,-0.01354882870031161 
 07/07  14:45:00,18.65,24.0,67.80604158235616,0.0,1029822.0299858663,-0.017303868007016155 
 07/07  15:00:00,18.7,24.000000000000007,67.90187096769395,0.0,994686.1198399897,-0.020426281594067817 
 07/07  15:15:00,18.75,23.999999999999996,68.05569407141874,0.0,959596.4593313554,-0.023354173293353056 
 07/07  15:30:00,18.799999999999997,24.0,68.27969468868642,0.0,925223.3600218077,-0.025803919716092662 
 07/07  15:45:00,18.849999999999998,24.0,68.59855643974807,0.0,869436.2847572754,-0.03083469739100506 
 07/07  16:00:00,18.9,24.0,69.02184554754052,0.0,817157.4715750713,-0.0335221183005563 
 07/07  16:15:00,18.625,24.000000000000004,69.55604108024181,0.0,772762.9511702358,-0.03500543933344927 
 07/07  16:30:00,18.35,24.0,70.18550420530597,0.0,721720.3116005652,-0.0368923023728524 
 07/07  16:45:00,18.075000000000003,23.999999999999996,70.8996125280563,0.0,680319.6281475448,-0.036452109729710816 
 07/07  17:00:00,17.8,24.000000000000004,71.68970494765834,0.0,640922.4721741414,-0.035736335033344044 
 07/07  17:15:00,17.525000000000002,23.969571446496975,72.65046998375142,0.0,0.0,-0.04814693465381075 
 07/07  17:30:00,17.25,23.90111487908996,73.78080618217078,0.0,0.0,-0.05808811016559453 
 07/07  17:45:00,16.974999999999998,23.8095629901572,75.0154709463381,0.0,0.0,-0.07549875288163867 
 07/07  18:00:00,16.7,23.705098921537164,76.3124778760639,0.0,0.0,-0.09552474324762644 
 07/07  18:15:00,16.424999999999997,22.38589186361793,82.8082840652117,0.0,0.0,-0.3272837671368164 
 07/07  18:30:00,16.15,21.085395987731957,89.58981319698091,275065.7148847528,0.0,-0.6109568560673762 
 07/07  18:45:00,15.875,21.000000000180968,90.03864469721066,906517.2258440907,3.069544618483633e-10,-0.6395345212857904 
 07/07  19:00:00,15.6,21.000000000002828,90.02738384897965,496233.6841854411,1.0231815394945443e-10,-0.646036747332842 
 07/07  19:15:00,15.6,21.000000000000057,90.02381303481472,630438.0417059676,0.0,-0.6506174943853693 
 07/07  19:30:00,15.6,21.000000000000004,90.02359569150005,670390.8376349391,2.0463630789890885e-10,-0.6569789392905605 
 07/07  19:45:00,15.6,20.999999999999996,90.0240943079678,687347.7154056804,0.0,-0.6595163974987502 
 07/07  20:00:00,15.6,20.999999999999996,90.02443541020394,698376.1477202206,4.092726157978177e-10,-0.6617996487410528 
 07/07  20:15:00,15.6,21.0,90.02455298505762,708427.0619937616,4.092726157978177e-10,-0.6638131889058603 
 07/07  20:30:00,15.6,20.999999999999996,90.0245738430068,716864.9493325837,2.0463630789890885e-10,-0.6654459282576071 
 07/07  20:45:00,15.6,21.0,90.02455659346815,723845.4787229435,0.0,-0.6667928569446342 
 07/07  21:00:00,15.6,21.0,90.02454652312488,729690.017132672,2.0463630789890885e-10,-0.6679129441213261 
 07/07  21:15:00,15.6,21.000000000000004,90.04678171104393,733656.0707709516,2.0463630789890885e-10,-0.6685020137547204 
 07/07  21:30:00,15.6,21.0,90.06902024002757,736867.6283399051,0.0,-0.6690140498372512 
 07/07  21:45:00,15.6,21.000000000000004,90.09125976778479,739571.4736131734,3.069544618483633e-10,-0.6694052432562322 
 07/07  22:00:00,15.6,21.0,90.11349932245326,741796.1598771955,4.092726157978177e-10,-0.6697033515984434 
 07/07  22:15:00,15.5,21.000000000000004,90.09126018978242,745236.3386307945,1.0231815394945443e-10,-0.670552834266856 
 07/07  22:30:00,15.399999999999999,21.0,90.0690209552348,748878.341004512,3.069544618483633e-10,-0.6713375411063212 
 07/07  22:45:00,15.299999999999999,20.999999999999996,90.04678696466243,752291.945946771,0.0,-0.6720809730646159 
 07/07  23:00:00,15.2,21.0,90.02454241349622,755534.1868589385,2.0463630789890885e-10,-0.6727903365407958 
 07/07  23:15:00,15.099999999999998,21.000000000000004,90.02454240934854,758242.5884534499,4.092726157978177e-10,-0.6732546519223116 
 07/07  23:30:00,15.0,20.999999999999996,90.02454768553237,760457.8385604568,0.0,-0.6736386739941654 
 07/07  23:45:00,14.900000000000002,20.999999999999996,90.02454768557384,762962.5608814218,1.0231815394945443e-10,-0.6741115831875735 
 07/07  24:00:00,14.8,20.999999999999996,90.02454768579462,765066.9052756653,1.0231815394945443e-10,-0.6744591337998553 
