Date_Time,Hour,Outdoor_Temp_C,Baseline_Zone_Temp_C,Baseline_PMV,Baseline_HVAC_kWh,AI_Zone_Temp_C,AI_PMV,AI_HVAC_kWh,Grid_Carbon_gCO2_kWh,Tariff_USD_kWh,AI_Strategy
07/01  00:15:00,0.25,13.15,21.0,-0.689,0.2396,21.0,0.448,0.2037,350.0,0.12,COMFORT_OPTIMAL_DEADBAND
07/01  00:30:00,0.5,13.5,21.0,-0.687,0.2374,21.0,0.448,0.2018,350.0,0.12,COMFORT_OPTIMAL_DEADBAND
07/01  00:45:00,0.75,13.85,21.0,-0.686,0.2353,21.0,0.448,0.2,350.0,0.12,COMFORT_OPTIMAL_DEADBAND
07/01  01:00:00,1.0,14.2,21.0,-0.684,0.233,21.0,0.448,0.1981,350.0,0.12,COMFORT_OPTIMAL_DEADBAND
07/01  01:15:00,1.25,13.95,21.0,-0.686,0.2347,21.0,0.448,0.1995,350.0,0.12,COMFORT_OPTIMAL_DEADBAND
07/01  01:30:00,1.5,13.7,21.0,-0.687,0.2371,21.0,0.448,0.2015,350.0,0.12,COMFORT_OPTIMAL_DEADBAND
07/01  01:45:00,1.75,13.45,21.0,-0.689,0.2394,21.0,0.448,0.2035,350.0,0.12,COMFORT_OPTIMAL_DEADBAND
07/01  02:00:00,2.0,13.2,21.0,-0.69,0.2418,21.0,0.448,0.2055,350.0,0.12,COMFORT_OPTIMAL_DEADBAND
07/01  02:15:00,2.25,12.93,21.0,-0.692,0.2445,21.0,0.448,0.2078,350.0,0.12,COMFORT_OPTIMAL_DEADBAND
07/01  02:30:00,2.5,12.65,21.0,-0.694,0.2473,21.0,0.448,0.2102,350.0,0.12,COMFORT_OPTIMAL_DEADBAND
07/01  02:45:00,2.75,12.38,21.0,-0.695,0.2501,21.0,0.448,0.2126,350.0,0.12,COMFORT_OPTIMAL_DEADBAND
07/01  03:00:00,3.0,12.1,21.0,-0.697,0.253,21.0,0.448,0.215,350.0,0.12,COMFORT_OPTIMAL_DEADBAND
07/01  03:15:00,3.25,11.85,21.0,-0.699,0.2555,21.0,0.448,0.2172,350.0,0.12,COMFORT_OPTIMAL_DEADBAND
07/01  03:30:00,3.5,11.6,21.0,-0.7,0.258,21.0,0.448,0.2193,350.0,0.12,COMFORT_OPTIMAL_DEADBAND
07/01  03:45:00,3.75,11.35,21.0,-0.702,0.2605,21.0,0.448,0.2214,350.0,0.12,COMFORT_OPTIMAL_DEADBAND
07/01  04:00:00,4.0,11.1,21.0,-0.703,0.263,21.0,0.448,0.2235,350.0,0.12,COMFORT_OPTIMAL_DEADBAND
07/01  04:15:00,4.25,11.28,21.0,-0.702,0.2624,21.0,0.448,0.223,350.0,0.12,COMFORT_OPTIMAL_DEADBAND
07/01  04:30:00,4.5,11.45,21.0,-0.702,0.261,21.0,0.448,0.2218,350.0,0.12,COMFORT_OPTIMAL_DEADBAND
07/01  04:45:00,4.75,11.63,21.0,-0.701,0.2595,21.0,0.448,0.2206,350.0,0.12,COMFORT_OPTIMAL_DEADBAND
07/01  05:00:00,5.0,11.8,21.0,-0.69,0.2452,21.0,0.448,0.2084,350.0,0.12,COMFORT_OPTIMAL_DEADBAND
07/01  05:15:00,5.25,12.0,21.0,-0.686,0.236,21.0,0.448,0.2006,350.0,0.12,COMFORT_OPTIMAL_DEADBAND
07/01  05:30:00,5.5,12.2,21.0,-0.681,0.2288,21.0,0.448,0.1945,350.0,0.12,COMFORT_OPTIMAL_DEADBAND
07/01  05:45:00,5.75,12.4,21.0,-0.668,0.2111,21.0,0.448,0.1794,350.0,0.12,COMFORT_OPTIMAL_DEADBAND
07/01  06:00:00,6.0,12.6,21.0,-0.658,0.1939,21.0,0.448,0.1648,350.0,0.12,COMFORT_OPTIMAL_DEADBAND
07/01  06:15:00,6.25,12.78,21.0,-0.644,0.1742,21.0,0.448,0.1481,350.0,0.12,COMFORT_OPTIMAL_DEADBAND
07/01  06:30:00,6.5,12.95,21.0,-0.632,0.1572,21.0,0.448,0.1336,350.0,0.12,COMFORT_OPTIMAL_DEADBAND
07/01  06:45:00,6.75,13.13,21.0,-0.623,0.1443,21.0,0.448,0.1227,350.0,0.12,COMFORT_OPTIMAL_DEADBAND
07/01  07:00:00,7.0,13.3,21.0,-0.613,0.1323,21.0,0.448,0.1125,350.0,0.12,COMFORT_OPTIMAL_DEADBAND
07/01  07:15:00,7.25,13.72,21.8,-0.449,0.0,21.8,0.448,0.0,350.0,0.12,COMFORT_OPTIMAL_DEADBAND
07/01  07:30:00,7.5,14.15,22.49,-0.298,0.0,22.49,0.448,0.0,350.0,0.12,COMFORT_OPTIMAL_DEADBAND
07/01  07:45:00,7.75,14.57,23.0,-0.197,0.0,23.0,0.448,0.0,350.0,0.12,COMFORT_OPTIMAL_DEADBAND
07/01  08:00:00,8.0,15.0,23.38,-0.12,0.0,23.38,0.448,0.0,350.0,0.22,COMFORT_OPTIMAL_DEADBAND
07/01  08:15:00,8.25,15.4,23.9,-0.014,0.1495,23.9,0.448,0.1271,350.0,0.22,COMFORT_OPTIMAL_DEADBAND
07/01  08:30:00,8.5,15.8,24.0,0.028,0.3241,24.0,0.448,0.2755,350.0,0.22,COMFORT_OPTIMAL_DEADBAND
07/01  08:45:00,8.75,16.2,24.0,0.032,0.288,24.0,0.448,0.2448,350.0,0.22,COMFORT_OPTIMAL_DEADBAND
07/01  09:00:00,9.0,16.6,24.0,0.035,0.3139,24.0,0.448,0.2668,350.0,0.22,COMFORT_OPTIMAL_DEADBAND
07/01  09:15:00,9.25,17.03,24.0,0.036,0.3385,24.0,0.448,0.2877,350.0,0.22,COMFORT_OPTIMAL_DEADBAND
07/01  09:30:00,9.5,17.45,24.0,0.035,0.3512,24.0,0.448,0.2985,350.0,0.22,COMFORT_OPTIMAL_DEADBAND
07/01  09:45:00,9.75,17.88,24.0,0.032,0.3574,24.0,0.448,0.3038,350.0,0.22,COMFORT_OPTIMAL_DEADBAND
07/01  10:00:00,10.0,18.3,24.0,0.029,0.3606,24.0,0.448,0.3065,227.5,0.22,COMFORT_OPTIMAL_DEADBAND
07/01  10:15:00,10.25,18.25,24.0,0.023,0.3578,24.0,0.448,0.3041,227.5,0.22,COMFORT_OPTIMAL_DEADBAND
07/01  10:30:00,10.5,18.2,24.0,0.018,0.3528,24.0,0.448,0.2999,227.5,0.22,COMFORT_OPTIMAL_DEADBAND
07/01  10:45:00,10.75,18.15,24.0,0.013,0.3458,24.0,0.448,0.2939,227.5,0.22,COMFORT_OPTIMAL_DEADBAND
07/01  11:00:00,11.0,18.1,24.0,0.007,0.338,24.0,0.448,0.2873,227.5,0.22,COMFORT_OPTIMAL_DEADBAND
07/01  11:15:00,11.25,18.08,24.0,0.003,0.33,24.0,0.448,0.2805,227.5,0.22,COMFORT_OPTIMAL_DEADBAND
07/01  11:30:00,11.5,18.05,24.0,-0.002,0.3219,24.0,0.448,0.2736,227.5,0.22,COMFORT_OPTIMAL_DEADBAND
07/01  11:45:00,11.75,18.02,24.0,-0.007,0.3125,24.0,0.448,0.2656,227.5,0.22,COMFORT_OPTIMAL_DEADBAND
07/01  12:00:00,12.0,18.0,24.0,-0.011,0.303,24.0,0.448,0.2576,227.5,0.22,COMFORT_OPTIMAL_DEADBAND
07/01  12:15:00,12.25,17.95,24.0,-0.022,0.1742,24.0,0.448,0.1481,227.5,0.22,COMFORT_OPTIMAL_DEADBAND
07/01  12:30:00,12.5,17.9,24.0,-0.022,0.1708,24.0,0.448,0.1452,227.5,0.22,COMFORT_OPTIMAL_DEADBAND
07/01  12:45:00,12.75,17.85,24.0,-0.023,0.172,24.0,0.448,0.1462,227.5,0.22,COMFORT_OPTIMAL_DEADBAND
07/01  13:00:00,13.0,17.8,24.0,-0.024,0.1715,24.0,0.448,0.1458,227.5,0.22,COMFORT_OPTIMAL_DEADBAND
07/01  13:15:00,13.25,17.8,24.0,-0.018,0.2872,24.0,0.448,0.2441,227.5,0.22,COMFORT_OPTIMAL_DEADBAND
07/01  13:30:00,13.5,17.8,24.0,-0.018,0.2888,24.0,0.448,0.2455,227.5,0.22,COMFORT_OPTIMAL_DEADBAND
07/01  13:45:00,13.75,17.8,24.0,-0.019,0.2861,24.0,0.448,0.2432,227.5,0.22,COMFORT_OPTIMAL_DEADBAND
07/01  14:00:00,14.0,17.8,24.0,-0.019,0.283,24.8,0.577,0.2038,227.5,0.35,CARBON_PEAK_SHEDDING
07/01  14:15:00,14.25,17.8,24.0,-0.021,0.2789,24.8,0.577,0.2008,227.5,0.35,CARBON_PEAK_SHEDDING
07/01  14:30:00,14.5,17.8,24.0,-0.022,0.2741,24.8,0.577,0.1974,227.5,0.35,CARBON_PEAK_SHEDDING
07/01  14:45:00,14.75,17.8,24.0,-0.024,0.2674,24.8,0.577,0.1925,227.5,0.35,CARBON_PEAK_SHEDDING
07/01  15:00:00,15.0,17.8,24.0,-0.025,0.2601,24.8,0.577,0.1873,227.5,0.35,CARBON_PEAK_SHEDDING
07/01  15:15:00,15.25,17.8,24.0,-0.027,0.2529,24.8,0.577,0.1821,350.0,0.35,CARBON_PEAK_SHEDDING
07/01  15:30:00,15.5,17.8,24.0,-0.028,0.2455,24.8,0.577,0.1768,350.0,0.35,CARBON_PEAK_SHEDDING
07/01  15:45:00,15.75,17.8,24.0,-0.029,0.2363,24.8,0.577,0.1701,350.0,0.35,CARBON_PEAK_SHEDDING
07/01  16:00:00,16.0,17.8,24.0,-0.03,0.2267,24.8,0.577,0.1632,560.0,0.35,CARBON_PEAK_SHEDDING
07/01  16:15:00,16.25,17.48,24.0,-0.031,0.2169,24.8,0.577,0.1562,560.0,0.35,CARBON_PEAK_SHEDDING
07/01  16:30:00,16.5,17.15,24.0,-0.032,0.2068,24.8,0.577,0.1489,560.0,0.35,CARBON_PEAK_SHEDDING
07/01  16:45:00,16.75,16.82,24.0,-0.033,0.1939,24.8,0.577,0.1396,560.0,0.35,CARBON_PEAK_SHEDDING
07/01  17:00:00,17.0,16.5,24.0,-0.034,0.1783,24.8,0.577,0.1284,560.0,0.35,CARBON_PEAK_SHEDDING
07/01  17:15:00,17.25,16.18,23.96,-0.048,0.0,24.76,0.577,0.0,560.0,0.35,CARBON_PEAK_SHEDDING
07/01  17:30:00,17.5,15.85,23.89,-0.059,0.0,24.69,0.577,0.0,560.0,0.35,CARBON_PEAK_SHEDDING
07/01  17:45:00,17.75,15.53,23.8,-0.076,0.0,24.6,0.577,0.0,560.0,0.35,CARBON_PEAK_SHEDDING
07/01  18:00:00,18.0,15.2,23.7,-0.095,0.0,24.5,0.577,0.0,560.0,0.35,CARBON_PEAK_SHEDDING
07/01  18:15:00,18.25,14.87,22.39,-0.324,0.0,23.19,0.577,0.0,560.0,0.35,CARBON_PEAK_SHEDDING
07/01  18:30:00,18.5,14.55,21.09,-0.606,0.0737,21.89,0.577,0.0531,560.0,0.35,CARBON_PEAK_SHEDDING
07/01  18:45:00,18.75,14.22,21.0,-0.64,0.2527,21.8,0.577,0.1819,560.0,0.35,CARBON_PEAK_SHEDDING
07/01  19:00:00,19.0,13.9,21.0,-0.649,0.1448,21.8,0.577,0.1043,560.0,0.35,CARBON_PEAK_SHEDDING
07/01  19:15:00,19.25,13.8,21.0,-0.659,0.188,21.8,0.577,0.1354,560.0,0.35,CARBON_PEAK_SHEDDING
07/01  19:30:00,19.5,13.7,21.0,-0.667,0.2041,21.8,0.577,0.147,560.0,0.35,CARBON_PEAK_SHEDDING
07/01  19:45:00,19.75,13.6,21.0,-0.672,0.2121,21.8,0.577,0.1527,560.0,0.35,CARBON_PEAK_SHEDDING
07/01  20:00:00,20.0,13.5,21.0,-0.675,0.2168,21.8,0.577,0.1561,560.0,0.35,CARBON_PEAK_SHEDDING
07/01  20:15:00,20.25,13.43,21.0,-0.677,0.2205,21.8,0.577,0.1588,560.0,0.12,CARBON_PEAK_SHEDDING
07/01  20:30:00,20.5,13.35,21.0,-0.679,0.2238,21.8,0.577,0.1611,560.0,0.12,CARBON_PEAK_SHEDDING
07/01  20:45:00,20.75,13.28,21.0,-0.681,0.2266,21.8,0.577,0.1632,560.0,0.12,CARBON_PEAK_SHEDDING
07/01  21:00:00,21.0,13.2,21.0,-0.683,0.2291,21.8,0.577,0.165,560.0,0.12,CARBON_PEAK_SHEDDING
07/01  21:15:00,21.25,13.1,21.0,-0.684,0.2316,21.0,0.448,0.1969,350.0,0.12,COMFORT_OPTIMAL_DEADBAND
07/01  21:30:00,21.5,13.0,21.0,-0.686,0.2339,21.0,0.448,0.1988,350.0,0.12,COMFORT_OPTIMAL_DEADBAND
07/01  21:45:00,21.75,12.9,21.0,-0.687,0.236,21.0,0.448,0.2006,350.0,0.12,COMFORT_OPTIMAL_DEADBAND
07/01  22:00:00,22.0,12.8,21.0,-0.688,0.2381,21.0,0.448,0.2024,350.0,0.12,COMFORT_OPTIMAL_DEADBAND
07/01  22:15:00,22.25,12.8,21.0,-0.689,0.2389,21.0,0.448,0.2031,350.0,0.12,COMFORT_OPTIMAL_DEADBAND
07/01  22:30:00,22.5,12.8,21.0,-0.689,0.2394,21.0,0.448,0.2035,350.0,0.12,COMFORT_OPTIMAL_DEADBAND
07/01  22:45:00,22.75,12.8,21.0,-0.689,0.2398,21.0,0.448,0.2038,350.0,0.12,COMFORT_OPTIMAL_DEADBAND
07/01  23:00:00,23.0,12.8,21.0,-0.69,0.2402,21.0,0.448,0.2042,350.0,0.12,COMFORT_OPTIMAL_DEADBAND
07/01  23:15:00,23.25,12.8,21.0,-0.69,0.2406,21.0,0.448,0.2045,350.0,0.12,COMFORT_OPTIMAL_DEADBAND
07/01  23:30:00,23.5,12.8,21.0,-0.69,0.2408,21.0,0.448,0.2047,350.0,0.12,COMFORT_OPTIMAL_DEADBAND
07/01  23:45:00,23.75,12.8,21.0,-0.69,0.241,21.0,0.448,0.2048,350.0,0.12,COMFORT_OPTIMAL_DEADBAND
07/01  24:00:00,24.0,12.8,21.0,-0.691,0.2413,21.0,0.448,0.2051,350.0,0.12,COMFORT_OPTIMAL_DEADBAND
07/02  00:15:00,0.25,12.8,21.0,-0.691,0.2415,21.0,0.448,0.2053,350.0,0.12,COMFORT_OPTIMAL_DEADBAND
07/02  00:30:00,0.5,12.8,21.0,-0.691,0.2418,21.0,0.448,0.2055,350.0,0.12,COMFORT_OPTIMAL_DEADBAND
07/02  00:45:00,0.75,12.8,21.0,-0.691,0.242,21.0,0.448,0.2057,350.0,0.12,COMFORT_OPTIMAL_DEADBAND
07/02  01:00:00,1.0,12.8,21.0,-0.691,0.2422,21.0,0.448,0.2059,350.0,0.12,COMFORT_OPTIMAL_DEADBAND
07/02  01:15:00,1.25,12.75,21.0,-0.691,0.2427,21.0,0.448,0.2063,350.0,0.12,COMFORT_OPTIMAL_DEADBAND
07/02  01:30:00,1.5,12.7,21.0,-0.692,0.2432,21.0,0.448,0.2067,350.0,0.12,COMFORT_OPTIMAL_DEADBAND
07/02  01:45:00,1.75,12.65,21.0,-0.692,0.2438,21.0,0.448,0.2072,350.0,0.12,COMFORT_OPTIMAL_DEADBAND
07/02  02:00:00,2.0,12.6,21.0,-0.692,0.2443,21.0,0.448,0.2077,350.0,0.12,COMFORT_OPTIMAL_DEADBAND
07/02  02:15:00,2.25,12.55,21.0,-0.693,0.2448,21.0,0.448,0.2081,350.0,0.12,COMFORT_OPTIMAL_DEADBAND
07/02  02:30:00,2.5,12.5,21.0,-0.693,0.2453,21.0,0.448,0.2085,350.0,0.12,COMFORT_OPTIMAL_DEADBAND
07/02  02:45:00,2.75,12.45,21.0,-0.693,0.2458,21.0,0.448,0.2089,350.0,0.12,COMFORT_OPTIMAL_DEADBAND
07/02  03:00:00,3.0,12.4,21.0,-0.694,0.2464,21.0,0.448,0.2094,350.0,0.12,COMFORT_OPTIMAL_DEADBAND
07/02  03:15:00,3.25,12.35,21.0,-0.694,0.247,21.0,0.448,0.2099,350.0,0.12,COMFORT_OPTIMAL_DEADBAND
07/02  03:30:00,3.5,12.3,21.0,-0.694,0.2476,21.0,0.448,0.2105,350.0,0.12,COMFORT_OPTIMAL_DEADBAND
07/02  03:45:00,3.75,12.25,21.0,-0.695,0.2482,21.0,0.448,0.211,350.0,0.12,COMFORT_OPTIMAL_DEADBAND
07/02  04:00:00,4.0,12.2,21.0,-0.695,0.2488,21.0,0.448,0.2115,350.0,0.12,COMFORT_OPTIMAL_DEADBAND
07/02  04:15:00,4.25,12.37,21.0,-0.694,0.248,21.0,0.448,0.2108,350.0,0.12,COMFORT_OPTIMAL_DEADBAND
07/02  04:30:00,4.5,12.55,21.0,-0.694,0.2466,21.0,0.448,0.2096,350.0,0.12,COMFORT_OPTIMAL_DEADBAND
07/02  04:45:00,4.75,12.72,21.0,-0.693,0.2452,21.0,0.448,0.2084,350.0,0.12,COMFORT_OPTIMAL_DEADBAND
07/02  05:00:00,5.0,12.9,21.0,-0.682,0.2312,21.0,0.448,0.1965,350.0,0.12,COMFORT_OPTIMAL_DEADBAND
07/02  05:15:00,5.25,13.1,21.0,-0.677,0.2208,21.0,0.448,0.1877,350.0,0.12,COMFORT_OPTIMAL_DEADBAND
07/02  05:30:00,5.5,13.3,21.0,-0.671,0.2121,21.0,0.448,0.1803,350.0,0.12,COMFORT_OPTIMAL_DEADBAND
07/02  05:45:00,5.75,13.5,21.0,-0.659,0.1958,21.0,0.448,0.1664,350.0,0.12,COMFORT_OPTIMAL_DEADBAND
07/02  06:00:00,6.0,13.7,21.0,-0.649,0.1802,21.0,0.448,0.1532,350.0,0.12,COMFORT_OPTIMAL_DEADBAND
07/02  06:15:00,6.25,13.87,21.0,-0.638,0.165,21.0,0.448,0.1403,350.0,0.12,COMFORT_OPTIMAL_DEADBAND
07/02  06:30:00,6.5,14.05,21.0,-0.626,0.1481,21.0,0.448,0.1259,350.0,0.12,COMFORT_OPTIMAL_DEADBAND
07/02  06:45:00,6.75,14.22,21.0,-0.617,0.1367,21.0,0.448,0.1162,350.0,0.12,COMFORT_OPTIMAL_DEADBAND
07/02  07:00:00,7.0,14.4,21.0,-0.608,0.1264,21.0,0.448,0.1074,350.0,0.12,COMFORT_OPTIMAL_DEADBAND
07/02  07:15:00,7.25,14.78,21.83,-0.441,0.0,21.83,0.448,0.0,350.0,0.12,COMFORT_OPTIMAL_DEADBAND
07/02  07:30:00,7.5,15.15,22.53,-0.287,0.0,22.53,0.448,0.0,350.0,0.12,COMFORT_OPTIMAL_DEADBAND
07/02  07:45:00,7.75,15.53,23.05,-0.183,0.0,23.05,0.448,0.0,350.0,0.12,COMFORT_OPTIMAL_DEADBAND
07/02  08:00:00,8.0,15.9,23.45,-0.102,0.0,23.45,0.448,0.0,350.0,0.22,COMFORT_OPTIMAL_DEADBAND
07/02  08:15:00,8.25,16.27,23.99,0.009,0.2004,23.99,0.448,0.1703,350.0,0.22,COMFORT_OPTIMAL_DEADBAND
07/02  08:30:00,8.5,16.65,24.0,0.034,0.3907,24.0,0.448,0.3321,350.0,0.22,COMFORT_OPTIMAL_DEADBAND
07/02  08:45:00,8.75,17.02,24.0,0.039,0.2924,24.0,0.448,0.2485,350.0,0.22,COMFORT_OPTIMAL_DEADBAND
07/02  09:00:00,9.0,17.4,24.0,0.043,0.3514,24.0,0.448,0.2987,350.0,0.22,COMFORT_OPTIMAL_DEADBAND
07/02  09:15:00,9.25,17.77,24.0,0.044,0.3729,24.0,0.448,0.317,350.0,0.22,COMFORT_OPTIMAL_DEADBAND
07/02  09:30:00,9.5,18.15,24.0,0.044,0.3876,24.0,0.448,0.3295,350.0,0.22,COMFORT_OPTIMAL_DEADBAND
07/02  09:45:00,9.75,18.52,24.0,0.041,0.3957,24.0,0.448,0.3363,350.0,0.22,COMFORT_OPTIMAL_DEADBAND
07/02  10:00:00,10.0,18.9,24.0,0.039,0.4003,24.0,0.448,0.3403,227.5,0.22,COMFORT_OPTIMAL_DEADBAND
07/02  10:15:00,10.25,19.0,24.0,0.031,0.394,24.0,0.448,0.3349,227.5,0.22,COMFORT_OPTIMAL_DEADBAND
07/02  10:30:00,10.5,19.1,24.0,0.024,0.3862,24.0,0.448,0.3283,227.5,0.22,COMFORT_OPTIMAL_DEADBAND
07/02  10:45:00,10.75,19.2,24.0,0.018,0.3761,24.0,0.448,0.3197,227.5,0.22,COMFORT_OPTIMAL_DEADBAND
07/02  11:00:00,11.0,19.3,24.0,0.011,0.3659,24.0,0.448,0.311,227.5,0.22,COMFORT_OPTIMAL_DEADBAND
07/02  11:15:00,11.25,19.38,24.0,0.005,0.3551,24.0,0.448,0.3018,227.5,0.22,COMFORT_OPTIMAL_DEADBAND
07/02  11:30:00,11.5,19.45,24.0,-0.0,0.3445,24.0,0.448,0.2928,227.5,0.22,COMFORT_OPTIMAL_DEADBAND
07/02  11:45:00,11.75,19.52,24.0,-0.006,0.3335,24.0,0.448,0.2835,227.5,0.22,COMFORT_OPTIMAL_DEADBAND
07/02  12:00:00,12.0,19.6,24.0,-0.011,0.3227,24.0,0.448,0.2743,227.5,0.22,COMFORT_OPTIMAL_DEADBAND
07/02  12:15:00,12.25,19.7,24.0,-0.023,0.2009,24.0,0.448,0.1708,227.5,0.22,COMFORT_OPTIMAL_DEADBAND
07/02  12:30:00,12.5,19.8,24.0,-0.022,0.1974,24.0,0.448,0.1678,227.5,0.22,COMFORT_OPTIMAL_DEADBAND
07/02  12:45:00,12.75,19.9,24.0,-0.024,0.1976,24.0,0.448,0.168,227.5,0.22,COMFORT_OPTIMAL_DEADBAND
07/02  13:00:00,13.0,20.0,24.0,-0.026,0.1965,24.0,0.448,0.167,227.5,0.22,COMFORT_OPTIMAL_DEADBAND
07/02  13:15:00,13.25,19.82,24.0,-0.02,0.3037,24.0,0.448,0.2581,227.5,0.22,COMFORT_OPTIMAL_DEADBAND
07/02  13:30:00,13.5,19.65,24.0,-0.02,0.3046,24.0,0.448,0.2589,227.5,0.22,COMFORT_OPTIMAL_DEADBAND
07/02  13:45:00,13.75,19.48,24.0,-0.02,0.3022,24.0,0.448,0.2569,227.5,0.22,COMFORT_OPTIMAL_DEADBAND
07/02  14:00:00,14.0,19.3,24.0,-0.021,0.2994,24.8,0.577,0.2156,227.5,0.35,CARBON_PEAK_SHEDDING
07/02  14:15:00,14.25,19.1,24.0,-0.022,0.2951,24.8,0.577,0.2125,227.5,0.35,CARBON_PEAK_SHEDDING
07/02  14:30:00,14.5,18.9,24.0,-0.024,0.2898,24.8,0.577,0.2087,227.5,0.35,CARBON_PEAK_SHEDDING
07/02  14:45:00,14.75,18.7,24.0,-0.026,0.2828,24.8,0.577,0.2036,227.5,0.35,CARBON_PEAK_SHEDDING
07/02  15:00:00,15.0,18.5,24.0,-0.028,0.275,24.8,0.577,0.198,227.5,0.35,CARBON_PEAK_SHEDDING
07/02  15:15:00,15.25,18.32,24.0,-0.029,0.2672,24.8,0.577,0.1924,350.0,0.35,CARBON_PEAK_SHEDDING
07/02  15:30:00,15.5,18.15,24.0,-0.031,0.2585,24.8,0.577,0.1861,350.0,0.35,CARBON_PEAK_SHEDDING
07/02  15:45:00,15.75,17.98,24.0,-0.034,0.2473,24.8,0.577,0.1781,350.0,0.35,CARBON_PEAK_SHEDDING
07/02  16:00:00,16.0,17.8,24.0,-0.036,0.2354,24.8,0.577,0.1695,560.0,0.35,CARBON_PEAK_SHEDDING
07/02  16:15:00,16.25,17.48,24.0,-0.036,0.2286,24.8,0.577,0.1646,560.0,0.35,CARBON_PEAK_SHEDDING
07/02  16:30:00,16.5,17.15,24.0,-0.035,0.2226,24.8,0.577,0.1603,560.0,0.35,CARBON_PEAK_SHEDDING
07/02  16:45:00,16.75,16.82,24.0,-0.036,0.2128,24.8,0.577,0.1532,560.0,0.35,CARBON_PEAK_SHEDDING
07/02  17:00:00,17.0,16.5,24.0,-0.037,0.2017,24.8,0.577,0.1452,560.0,0.35,CARBON_PEAK_SHEDDING
07/02  17:15:00,17.25,16.18,24.0,-0.047,0.0128,24.8,0.577,0.0092,560.0,0.35,CARBON_PEAK_SHEDDING
07/02  17:30:00,17.5,15.85,23.98,-0.05,0.0,24.78,0.577,0.0,560.0,0.35,CARBON_PEAK_SHEDDING
07/02  17:45:00,17.75,15.53,23.92,-0.061,0.0,24.72,0.577,0.0,560.0,0.35,CARBON_PEAK_SHEDDING
07/02  18:00:00,18.0,15.2,23.84,-0.077,0.0,24.64,0.577,0.0,560.0,0.35,CARBON_PEAK_SHEDDING
07/02  18:15:00,18.25,14.87,22.53,-0.307,0.0,23.33,0.577,0.0,560.0,0.35,CARBON_PEAK_SHEDDING
07/02  18:30:00,18.5,14.55,21.14,-0.603,0.0538,21.94,0.577,0.0387,560.0,0.35,CARBON_PEAK_SHEDDING
07/02  18:45:00,18.75,14.22,21.0,-0.65,0.2418,21.8,0.577,0.1741,560.0,0.35,CARBON_PEAK_SHEDDING
07/02  19:00:00,19.0,13.9,21.0,-0.66,0.1408,21.8,0.577,0.1014,560.0,0.35,CARBON_PEAK_SHEDDING
07/02  19:15:00,19.25,13.8,21.0,-0.673,0.183,21.8,0.577,0.1318,560.0,0.35,CARBON_PEAK_SHEDDING
07/02  19:30:00,19.5,13.7,21.0,-0.684,0.2051,21.8,0.577,0.1477,560.0,0.35,CARBON_PEAK_SHEDDING
07/02  19:45:00,19.75,13.6,21.0,-0.689,0.2141,21.8,0.577,0.1542,560.0,0.35,CARBON_PEAK_SHEDDING
07/02  20:00:00,20.0,13.5,21.0,-0.692,0.2193,21.8,0.577,0.1579,560.0,0.35,CARBON_PEAK_SHEDDING
07/02  20:15:00,20.25,13.43,21.0,-0.695,0.2233,21.8,0.577,0.1608,560.0,0.12,CARBON_PEAK_SHEDDING
07/02  20:30:00,20.5,13.35,21.0,-0.697,0.2267,21.8,0.577,0.1632,560.0,0.12,CARBON_PEAK_SHEDDING
07/02  20:45:00,20.75,13.28,21.0,-0.699,0.2296,21.8,0.577,0.1653,560.0,0.12,CARBON_PEAK_SHEDDING
07/02  21:00:00,21.0,13.2,21.0,-0.7,0.2322,21.8,0.577,0.1672,560.0,0.12,CARBON_PEAK_SHEDDING
07/02  21:15:00,21.25,13.1,21.0,-0.702,0.2349,21.0,0.448,0.1997,350.0,0.12,COMFORT_OPTIMAL_DEADBAND
07/02  21:30:00,21.5,13.0,21.0,-0.704,0.2376,21.0,0.448,0.202,350.0,0.12,COMFORT_OPTIMAL_DEADBAND
07/02  21:45:00,21.75,12.9,21.0,-0.705,0.2401,21.0,0.448,0.2041,350.0,0.12,COMFORT_OPTIMAL_DEADBAND
07/02  22:00:00,22.0,12.8,21.0,-0.707,0.2424,21.0,0.448,0.206,350.0,0.12,COMFORT_OPTIMAL_DEADBAND
07/02  22:15:00,22.25,12.8,21.0,-0.706,0.2424,21.0,0.448,0.206,350.0,0.12,COMFORT_OPTIMAL_DEADBAND
07/02  22:30:00,22.5,12.8,21.0,-0.706,0.2417,21.0,0.448,0.2054,350.0,0.12,COMFORT_OPTIMAL_DEADBAND
07/02  22:45:00,22.75,12.8,21.0,-0.706,0.241,21.0,0.448,0.2048,350.0,0.12,COMFORT_OPTIMAL_DEADBAND
07/02  23:00:00,23.0,12.8,21.0,-0.705,0.2403,21.0,0.448,0.2043,350.0,0.12,COMFORT_OPTIMAL_DEADBAND
07/02  23:15:00,23.25,12.8,21.0,-0.705,0.2399,21.0,0.448,0.2039,350.0,0.12,COMFORT_OPTIMAL_DEADBAND
07/02  23:30:00,23.5,12.8,21.0,-0.705,0.2395,21.0,0.448,0.2036,350.0,0.12,COMFORT_OPTIMAL_DEADBAND
07/02  23:45:00,23.75,12.8,21.0,-0.705,0.239,21.0,0.448,0.2031,350.0,0.12,COMFORT_OPTIMAL_DEADBAND
07/02  24:00:00,24.0,12.8,21.0,-0.704,0.2385,21.0,0.448,0.2027,350.0,0.12,COMFORT_OPTIMAL_DEADBAND
07/03  00:15:00,0.25,12.8,21.0,-0.703,0.2374,21.0,0.448,0.2018,350.0,0.12,COMFORT_OPTIMAL_DEADBAND
07/03  00:30:00,0.5,12.8,21.0,-0.703,0.2362,21.0,0.448,0.2008,350.0,0.12,COMFORT_OPTIMAL_DEADBAND
07/03  00:45:00,0.75,12.8,21.0,-0.702,0.2351,21.0,0.448,0.1998,350.0,0.12,COMFORT_OPTIMAL_DEADBAND
07/03  01:00:00,1.0,12.8,21.0,-0.701,0.2339,21.0,0.448,0.1988,350.0,0.12,COMFORT_OPTIMAL_DEADBAND
07/03  01:15:00,1.25,12.85,21.0,-0.701,0.2334,21.0,0.448,0.1984,350.0,0.12,COMFORT_OPTIMAL_DEADBAND
07/03  01:30:00,1.5,12.9,21.0,-0.701,0.2329,21.0,0.448,0.198,350.0,0.12,COMFORT_OPTIMAL_DEADBAND
07/03  01:45:00,1.75,12.95,21.0,-0.701,0.2325,21.0,0.448,0.1976,350.0,0.12,COMFORT_OPTIMAL_DEADBAND
07/03  02:00:00,2.0,13.0,21.0,-0.7,0.2321,21.0,0.448,0.1973,350.0,0.12,COMFORT_OPTIMAL_DEADBAND
07/03  02:15:00,2.25,13.03,21.0,-0.7,0.2314,21.0,0.448,0.1967,350.0,0.12,COMFORT_OPTIMAL_DEADBAND
07/03  02:30:00,2.5,13.05,21.0,-0.699,0.2307,21.0,0.448,0.1961,350.0,0.12,COMFORT_OPTIMAL_DEADBAND
07/03  02:45:00,2.75,13.07,21.0,-0.699,0.2299,21.0,0.448,0.1954,350.0,0.12,COMFORT_OPTIMAL_DEADBAND
07/03  03:00:00,3.0,13.1,21.0,-0.699,0.2291,21.0,0.448,0.1947,350.0,0.12,COMFORT_OPTIMAL_DEADBAND
07/03  03:15:00,3.25,13.15,21.0,-0.698,0.2285,21.0,0.448,0.1942,350.0,0.12,COMFORT_OPTIMAL_DEADBAND
07/03  03:30:00,3.5,13.2,21.0,-0.698,0.2281,21.0,0.448,0.1939,350.0,0.12,COMFORT_OPTIMAL_DEADBAND
07/03  03:45:00,3.75,13.25,21.0,-0.698,0.2276,21.0,0.448,0.1935,350.0,0.12,COMFORT_OPTIMAL_DEADBAND
07/03  04:00:00,4.0,13.3,21.0,-0.697,0.2272,21.0,0.448,0.1931,350.0,0.12,COMFORT_OPTIMAL_DEADBAND
07/03  04:15:00,4.25,13.3,21.0,-0.697,0.227,21.0,0.448,0.193,350.0,0.12,COMFORT_OPTIMAL_DEADBAND
07/03  04:30:00,4.5,13.3,21.0,-0.697,0.2269,21.0,0.448,0.1929,350.0,0.12,COMFORT_OPTIMAL_DEADBAND
07/03  04:45:00,4.75,13.3,21.0,-0.697,0.2269,21.0,0.448,0.1929,350.0,0.12,COMFORT_OPTIMAL_DEADBAND
07/03  05:00:00,5.0,13.3,21.0,-0.694,0.2236,21.0,0.448,0.1901,350.0,0.12,COMFORT_OPTIMAL_DEADBAND
07/03  05:15:00,5.25,13.3,21.0,-0.694,0.2219,21.0,0.448,0.1886,350.0,0.12,COMFORT_OPTIMAL_DEADBAND
07/03  05:30:00,5.5,13.3,21.0,-0.693,0.2207,21.0,0.448,0.1876,350.0,0.12,COMFORT_OPTIMAL_DEADBAND
07/03  05:45:00,5.75,13.3,21.0,-0.689,0.2154,21.0,0.448,0.1831,350.0,0.12,COMFORT_OPTIMAL_DEADBAND
07/03  06:00:00,6.0,13.3,21.0,-0.685,0.2095,21.0,0.448,0.1781,350.0,0.12,COMFORT_OPTIMAL_DEADBAND
07/03  06:15:00,6.25,13.3,21.0,-0.682,0.2039,21.0,0.448,0.1733,350.0,0.12,COMFORT_OPTIMAL_DEADBAND
07/03  06:30:00,6.5,13.3,21.0,-0.678,0.1985,21.0,0.448,0.1687,350.0,0.12,COMFORT_OPTIMAL_DEADBAND
07/03  06:45:00,6.75,13.3,21.0,-0.676,0.1939,21.0,0.448,0.1648,350.0,0.12,COMFORT_OPTIMAL_DEADBAND
07/03  07:00:00,7.0,13.3,21.0,-0.671,0.1879,21.0,0.448,0.1597,350.0,0.12,COMFORT_OPTIMAL_DEADBAND
07/03  07:15:00,7.25,13.45,21.57,-0.547,0.0,21.57,0.448,0.0,350.0,0.12,COMFORT_OPTIMAL_DEADBAND
07/03  07:30:00,7.5,13.6,22.08,-0.439,0.0,22.08,0.448,0.0,350.0,0.12,COMFORT_OPTIMAL_DEADBAND
07/03  07:45:00,7.75,13.75,22.46,-0.361,0.0,22.46,0.448,0.0,350.0,0.12,COMFORT_OPTIMAL_DEADBAND
07/03  08:00:00,8.0,13.9,22.76,-0.301,0.0,22.76,0.448,0.0,350.0,0.22,COMFORT_OPTIMAL_DEADBAND
07/03  08:15:00,8.25,14.03,23.33,-0.191,0.0,23.33,0.448,0.0,350.0,0.22,COMFORT_OPTIMAL_DEADBAND
07/03  08:30:00,8.5,14.15,23.9,-0.057,0.0,23.9,0.448,0.0,350.0,0.22,COMFORT_OPTIMAL_DEADBAND
07/03  08:45:00,8.75,14.28,24.0,-0.002,0.1823,24.0,0.448,0.155,350.0,0.22,COMFORT_OPTIMAL_DEADBAND
07/03  09:00:00,9.0,14.4,24.0,0.016,0.152,24.0,0.448,0.1292,350.0,0.22,COMFORT_OPTIMAL_DEADBAND
07/03  09:15:00,9.25,14.55,24.0,0.031,0.2102,24.0,0.448,0.1787,350.0,0.22,COMFORT_OPTIMAL_DEADBAND
07/03  09:30:00,9.5,14.7,24.0,0.042,0.2601,24.0,0.448,0.2211,350.0,0.22,COMFORT_OPTIMAL_DEADBAND
07/03  09:45:00,9.75,14.85,24.0,0.047,0.2927,24.0,0.448,0.2488,350.0,0.22,COMFORT_OPTIMAL_DEADBAND
07/03  10:00:00,10.0,15.0,24.0,0.048,0.3161,24.0,0.448,0.2687,227.5,0.22,COMFORT_OPTIMAL_DEADBAND
07/03  10:15:00,10.25,15.15,24.0,0.046,0.3298,24.0,0.448,0.2803,227.5,0.22,COMFORT_OPTIMAL_DEADBAND
07/03  10:30:00,10.5,15.3,24.0,0.043,0.3385,24.0,0.448,0.2877,227.5,0.22,COMFORT_OPTIMAL_DEADBAND
07/03  10:45:00,10.75,15.45,24.0,0.031,0.3232,24.0,0.448,0.2747,227.5,0.22,COMFORT_OPTIMAL_DEADBAND
07/03  11:00:00,11.0,15.6,24.0,0.022,0.3035,24.0,0.448,0.258,227.5,0.22,COMFORT_OPTIMAL_DEADBAND
07/03  11:15:00,11.25,15.72,24.0,0.016,0.2907,24.0,0.448,0.2471,227.5,0.22,COMFORT_OPTIMAL_DEADBAND
07/03  11:30:00,11.5,15.85,24.0,0.009,0.2749,24.0,0.448,0.2337,227.5,0.22,COMFORT_OPTIMAL_DEADBAND
07/03  11:45:00,11.75,15.97,24.0,-0.0,0.2501,24.0,0.448,0.2126,227.5,0.22,COMFORT_OPTIMAL_DEADBAND
07/03  12:00:00,12.0,16.1,24.0,-0.005,0.2294,24.0,0.448,0.195,227.5,0.22,COMFORT_OPTIMAL_DEADBAND
07/03  12:15:00,12.25,16.25,24.0,-0.016,0.0698,24.0,0.448,0.0593,227.5,0.22,COMFORT_OPTIMAL_DEADBAND
07/03  12:30:00,12.5,16.4,24.0,-0.015,0.0494,24.0,0.448,0.042,227.5,0.22,COMFORT_OPTIMAL_DEADBAND
07/03  12:45:00,12.75,16.55,24.0,-0.004,0.0654,24.0,0.448,0.0556,227.5,0.22,COMFORT_OPTIMAL_DEADBAND
07/03  13:00:00,13.0,16.7,24.0,0.008,0.093,24.0,0.448,0.079,227.5,0.22,COMFORT_OPTIMAL_DEADBAND
07/03  13:15:00,13.25,16.65,24.0,0.022,0.2657,24.0,0.448,0.2258,227.5,0.22,COMFORT_OPTIMAL_DEADBAND
07/03  13:30:00,13.5,16.6,24.0,0.027,0.2967,24.0,0.448,0.2522,227.5,0.22,COMFORT_OPTIMAL_DEADBAND
07/03  13:45:00,13.75,16.55,24.0,0.019,0.2901,24.0,0.448,0.2466,227.5,0.22,COMFORT_OPTIMAL_DEADBAND
07/03  14:00:00,14.0,16.5,24.0,0.013,0.2758,24.8,0.577,0.1986,227.5,0.35,CARBON_PEAK_SHEDDING
07/03  14:15:00,14.25,16.45,24.0,0.008,0.2629,24.8,0.577,0.1893,227.5,0.35,CARBON_PEAK_SHEDDING
07/03  14:30:00,14.5,16.4,24.0,0.003,0.2503,24.8,0.577,0.1802,227.5,0.35,CARBON_PEAK_SHEDDING
07/03  14:45:00,14.75,16.35,24.0,0.002,0.2441,24.8,0.577,0.1758,227.5,0.35,CARBON_PEAK_SHEDDING
07/03  15:00:00,15.0,16.3,24.0,-0.001,0.2345,24.8,0.577,0.1688,227.5,0.35,CARBON_PEAK_SHEDDING
07/03  15:15:00,15.25,16.25,24.0,-0.002,0.2276,24.8,0.577,0.1639,350.0,0.35,CARBON_PEAK_SHEDDING
07/03  15:30:00,15.5,16.2,24.0,-0.002,0.2217,24.8,0.577,0.1596,350.0,0.35,CARBON_PEAK_SHEDDING
07/03  15:45:00,15.75,16.15,24.0,-0.005,0.2084,24.8,0.577,0.15,350.0,0.35,CARBON_PEAK_SHEDDING
07/03  16:00:00,16.0,16.1,24.0,-0.007,0.1951,24.8,0.577,0.1405,560.0,0.35,CARBON_PEAK_SHEDDING
07/03  16:15:00,16.25,15.93,24.0,-0.007,0.1839,24.8,0.577,0.1324,560.0,0.35,CARBON_PEAK_SHEDDING
07/03  16:30:00,16.5,15.75,24.0,-0.007,0.1704,24.8,0.577,0.1227,560.0,0.35,CARBON_PEAK_SHEDDING
07/03  16:45:00,16.75,15.57,24.0,-0.005,0.1594,24.8,0.577,0.1148,560.0,0.35,CARBON_PEAK_SHEDDING
07/03  17:00:00,17.0,15.4,24.0,-0.003,0.1488,24.8,0.577,0.1071,560.0,0.35,CARBON_PEAK_SHEDDING
07/03  17:15:00,17.25,15.2,23.89,-0.025,0.0,24.69,0.577,0.0,560.0,0.35,CARBON_PEAK_SHEDDING
07/03  17:30:00,17.5,15.0,23.75,-0.047,0.0,24.55,0.577,0.0,560.0,0.35,CARBON_PEAK_SHEDDING
07/03  17:45:00,17.75,14.8,23.63,-0.069,0.0,24.43,0.577,0.0,560.0,0.35,CARBON_PEAK_SHEDDING
07/03  18:00:00,18.0,14.6,23.53,-0.087,0.0,24.33,0.577,0.0,560.0,0.35,CARBON_PEAK_SHEDDING
07/03  18:15:00,18.25,14.43,22.24,-0.313,0.0,23.04,0.577,0.0,560.0,0.35,CARBON_PEAK_SHEDDING
07/03  18:30:00,18.5,14.25,21.04,-0.579,0.0956,21.84,0.577,0.0688,560.0,0.35,CARBON_PEAK_SHEDDING
07/03  18:45:00,18.75,14.07,21.0,-0.597,0.2585,21.8,0.577,0.1861,560.0,0.35,CARBON_PEAK_SHEDDING
07/03  19:00:00,19.0,13.9,21.0,-0.604,0.1456,21.8,0.577,0.1048,560.0,0.35,CARBON_PEAK_SHEDDING
07/03  19:15:00,19.25,13.8,21.0,-0.611,0.1888,21.8,0.577,0.1359,560.0,0.35,CARBON_PEAK_SHEDDING
07/03  19:30:00,19.5,13.7,21.0,-0.62,0.2032,21.8,0.577,0.1463,560.0,0.35,CARBON_PEAK_SHEDDING
07/03  19:45:00,19.75,13.6,21.0,-0.623,0.2094,21.8,0.577,0.1508,560.0,0.35,CARBON_PEAK_SHEDDING
07/03  20:00:00,20.0,13.5,21.0,-0.626,0.2133,21.8,0.577,0.1536,560.0,0.35,CARBON_PEAK_SHEDDING
07/03  20:15:00,20.25,13.43,21.0,-0.628,0.2166,21.8,0.577,0.156,560.0,0.12,CARBON_PEAK_SHEDDING
07/03  20:30:00,20.5,13.35,21.0,-0.63,0.2193,21.8,0.577,0.1579,560.0,0.12,CARBON_PEAK_SHEDDING
07/03  20:45:00,20.75,13.28,21.0,-0.631,0.2217,21.8,0.577,0.1596,560.0,0.12,CARBON_PEAK_SHEDDING
07/03  21:00:00,21.0,13.2,21.0,-0.633,0.2238,21.8,0.577,0.1611,560.0,0.12,CARBON_PEAK_SHEDDING
07/03  21:15:00,21.25,13.1,21.0,-0.634,0.2258,21.0,0.448,0.1919,350.0,0.12,COMFORT_OPTIMAL_DEADBAND
07/03  21:30:00,21.5,13.0,21.0,-0.635,0.2276,21.0,0.448,0.1935,350.0,0.12,COMFORT_OPTIMAL_DEADBAND
07/03  21:45:00,21.75,12.9,21.0,-0.636,0.2293,21.0,0.448,0.1949,350.0,0.12,COMFORT_OPTIMAL_DEADBAND
07/03  22:00:00,22.0,12.8,21.0,-0.637,0.2308,21.0,0.448,0.1962,350.0,0.12,COMFORT_OPTIMAL_DEADBAND
07/03  22:15:00,22.25,12.75,21.0,-0.638,0.2323,21.0,0.448,0.1975,350.0,0.12,COMFORT_OPTIMAL_DEADBAND
07/03  22:30:00,22.5,12.7,21.0,-0.639,0.2338,21.0,0.448,0.1987,350.0,0.12,COMFORT_OPTIMAL_DEADBAND
07/03  22:45:00,22.75,12.65,21.0,-0.639,0.2353,21.0,0.448,0.2,350.0,0.12,COMFORT_OPTIMAL_DEADBAND
07/03  23:00:00,23.0,12.6,21.0,-0.64,0.2368,21.0,0.448,0.2013,350.0,0.12,COMFORT_OPTIMAL_DEADBAND
07/03  23:15:00,23.25,12.55,21.0,-0.641,0.2381,21.0,0.448,0.2024,350.0,0.12,COMFORT_OPTIMAL_DEADBAND
07/03  23:30:00,23.5,12.5,21.0,-0.642,0.2395,21.0,0.448,0.2036,350.0,0.12,COMFORT_OPTIMAL_DEADBAND
07/03  23:45:00,23.75,12.45,21.0,-0.643,0.241,21.0,0.448,0.2048,350.0,0.12,COMFORT_OPTIMAL_DEADBAND
07/03  24:00:00,24.0,12.4,21.0,-0.644,0.2425,21.0,0.448,0.2061,350.0,0.12,COMFORT_OPTIMAL_DEADBAND
07/04  00:15:00,0.25,12.35,21.0,-0.645,0.244,21.0,0.448,0.2074,350.0,0.12,COMFORT_OPTIMAL_DEADBAND
07/04  00:30:00,0.5,12.3,21.0,-0.646,0.2455,21.0,0.448,0.2087,350.0,0.12,COMFORT_OPTIMAL_DEADBAND
07/04  00:45:00,0.75,12.25,21.0,-0.647,0.2472,21.0,0.448,0.2101,350.0,0.12,COMFORT_OPTIMAL_DEADBAND
07/04  01:00:00,1.0,12.2,21.0,-0.648,0.249,21.0,0.448,0.2117,350.0,0.12,COMFORT_OPTIMAL_DEADBAND
07/04  01:15:00,1.25,12.25,21.0,-0.648,0.2489,21.0,0.448,0.2116,350.0,0.12,COMFORT_OPTIMAL_DEADBAND
07/04  01:30:00,1.5,12.3,21.0,-0.648,0.2483,21.0,0.448,0.2111,350.0,0.12,COMFORT_OPTIMAL_DEADBAND
07/04  01:45:00,1.75,12.35,21.0,-0.647,0.2476,21.0,0.448,0.2105,350.0,0.12,COMFORT_OPTIMAL_DEADBAND
07/04  02:00:00,2.0,12.4,21.0,-0.647,0.2469,21.0,0.448,0.2099,350.0,0.12,COMFORT_OPTIMAL_DEADBAND
07/04  02:15:00,2.25,12.45,21.0,-0.646,0.2461,21.0,0.448,0.2092,350.0,0.12,COMFORT_OPTIMAL_DEADBAND
07/04  02:30:00,2.5,12.5,21.0,-0.646,0.2454,21.0,0.448,0.2086,350.0,0.12,COMFORT_OPTIMAL_DEADBAND
07/04  02:45:00,2.75,12.55,21.0,-0.646,0.2447,21.0,0.448,0.208,350.0,0.12,COMFORT_OPTIMAL_DEADBAND
07/04  03:00:00,3.0,12.6,21.0,-0.645,0.2439,21.0,0.448,0.2073,350.0,0.12,COMFORT_OPTIMAL_DEADBAND
07/04  03:15:00,3.25,12.65,21.0,-0.645,0.2432,21.0,0.448,0.2067,350.0,0.12,COMFORT_OPTIMAL_DEADBAND
07/04  03:30:00,3.5,12.7,21.0,-0.644,0.2425,21.0,0.448,0.2061,350.0,0.12,COMFORT_OPTIMAL_DEADBAND
07/04  03:45:00,3.75,12.75,21.0,-0.644,0.2418,21.0,0.448,0.2055,350.0,0.12,COMFORT_OPTIMAL_DEADBAND
07/04  04:00:00,4.0,12.8,21.0,-0.643,0.241,21.0,0.448,0.2048,350.0,0.12,COMFORT_OPTIMAL_DEADBAND
07/04  04:15:00,4.25,12.9,21.0,-0.643,0.2402,21.0,0.448,0.2042,350.0,0.12,COMFORT_OPTIMAL_DEADBAND
07/04  04:30:00,4.5,13.0,21.0,-0.642,0.2394,21.0,0.448,0.2035,350.0,0.12,COMFORT_OPTIMAL_DEADBAND
07/04  04:45:00,4.75,13.1,21.0,-0.641,0.2385,21.0,0.448,0.2027,350.0,0.12,COMFORT_OPTIMAL_DEADBAND
07/04  05:00:00,5.0,13.2,21.0,-0.635,0.2299,21.0,0.448,0.1954,350.0,0.12,COMFORT_OPTIMAL_DEADBAND
07/04  05:15:00,5.25,13.28,21.0,-0.633,0.2256,21.0,0.448,0.1918,350.0,0.12,COMFORT_OPTIMAL_DEADBAND
07/04  05:30:00,5.5,13.35,21.0,-0.631,0.2226,21.0,0.448,0.1892,350.0,0.12,COMFORT_OPTIMAL_DEADBAND
07/04  05:45:00,5.75,13.43,21.0,-0.62,0.2082,21.0,0.448,0.177,350.0,0.12,COMFORT_OPTIMAL_DEADBAND
07/04  06:00:00,6.0,13.5,21.0,-0.612,0.194,21.0,0.448,0.1649,350.0,0.12,COMFORT_OPTIMAL_DEADBAND
07/04  06:15:00,6.25,13.6,21.0,-0.602,0.1802,21.0,0.448,0.1532,350.0,0.12,COMFORT_OPTIMAL_DEADBAND
07/04  06:30:00,6.5,13.7,21.0,-0.591,0.1643,21.0,0.448,0.1397,350.0,0.12,COMFORT_OPTIMAL_DEADBAND
07/04  06:45:00,6.75,13.8,21.0,-0.59,0.1591,21.0,0.448,0.1352,350.0,0.12,COMFORT_OPTIMAL_DEADBAND
07/04  07:00:00,7.0,13.9,21.0,-0.586,0.154,21.0,0.448,0.1309,350.0,0.12,COMFORT_OPTIMAL_DEADBAND
07/04  07:15:00,7.25,14.22,21.0,-0.581,0.1475,21.0,0.448,0.1254,350.0,0.12,COMFORT_OPTIMAL_DEADBAND
07/04  07:30:00,7.5,14.55,21.0,-0.577,0.1414,21.0,0.448,0.1202,350.0,0.12,COMFORT_OPTIMAL_DEADBAND
07/04  07:45:00,7.75,14.87,21.0,-0.567,0.1297,21.0,0.448,0.1102,350.0,0.12,COMFORT_OPTIMAL_DEADBAND
07/04  08:00:00,8.0,15.2,21.0,-0.556,0.1158,21.0,0.448,0.0984,350.0,0.22,COMFORT_OPTIMAL_DEADBAND
07/04  08:15:00,8.25,15.53,21.0,-0.548,0.1046,21.0,0.448,0.0889,350.0,0.22,COMFORT_OPTIMAL_DEADBAND
07/04  08:30:00,8.5,15.85,21.0,-0.538,0.0943,21.0,0.448,0.0802,350.0,0.22,COMFORT_OPTIMAL_DEADBAND
07/04  08:45:00,8.75,16.18,21.0,-0.527,0.0824,21.0,0.448,0.07,350.0,0.22,COMFORT_OPTIMAL_DEADBAND
07/04  09:00:00,9.0,16.5,21.0,-0.519,0.0713,21.0,0.448,0.0606,350.0,0.22,COMFORT_OPTIMAL_DEADBAND
07/04  09:15:00,9.25,16.82,21.0,-0.509,0.0606,21.0,0.448,0.0515,350.0,0.22,COMFORT_OPTIMAL_DEADBAND
07/04  09:30:00,9.5,17.15,21.0,-0.5,0.0504,21.0,0.448,0.0428,350.0,0.22,COMFORT_OPTIMAL_DEADBAND
07/04  09:45:00,9.75,17.48,21.0,-0.497,0.0463,21.0,0.448,0.0394,350.0,0.22,COMFORT_OPTIMAL_DEADBAND
07/04  10:00:00,10.0,17.8,21.0,-0.495,0.0439,21.0,0.448,0.0373,227.5,0.22,COMFORT_OPTIMAL_DEADBAND
07/04  10:15:00,10.25,17.98,21.0,-0.494,0.0431,21.0,0.448,0.0366,227.5,0.22,COMFORT_OPTIMAL_DEADBAND
07/04  10:30:00,10.5,18.15,21.0,-0.493,0.0429,21.0,0.448,0.0365,227.5,0.22,COMFORT_OPTIMAL_DEADBAND
07/04  10:45:00,10.75,18.32,21.0,-0.493,0.0428,21.0,0.448,0.0364,227.5,0.22,COMFORT_OPTIMAL_DEADBAND
07/04  11:00:00,11.0,18.5,21.0,-0.493,0.0432,21.0,0.448,0.0367,227.5,0.22,COMFORT_OPTIMAL_DEADBAND
07/04  11:15:00,11.25,18.7,21.0,-0.494,0.0435,21.0,0.448,0.037,227.5,0.22,COMFORT_OPTIMAL_DEADBAND
07/04  11:30:00,11.5,18.9,21.0,-0.495,0.0438,21.0,0.448,0.0372,227.5,0.22,COMFORT_OPTIMAL_DEADBAND
07/04  11:45:00,11.75,19.1,21.0,-0.497,0.0447,21.0,0.448,0.038,227.5,0.22,COMFORT_OPTIMAL_DEADBAND
07/04  12:00:00,12.0,19.3,21.0,-0.499,0.0465,21.0,0.448,0.0395,227.5,0.22,COMFORT_OPTIMAL_DEADBAND
07/04  12:15:00,12.25,19.48,21.0,-0.501,0.0485,21.0,0.448,0.0412,227.5,0.22,COMFORT_OPTIMAL_DEADBAND
07/04  12:30:00,12.5,19.65,21.0,-0.498,0.0468,21.0,0.448,0.0398,227.5,0.22,COMFORT_OPTIMAL_DEADBAND
07/04  12:45:00,12.75,19.82,21.0,-0.497,0.0453,21.0,0.448,0.0385,227.5,0.22,COMFORT_OPTIMAL_DEADBAND
07/04  13:00:00,13.0,20.0,21.0,-0.496,0.0443,21.0,0.448,0.0377,227.5,0.22,COMFORT_OPTIMAL_DEADBAND
07/04  13:15:00,13.25,19.9,21.0,-0.497,0.0448,21.0,0.448,0.0381,227.5,0.22,COMFORT_OPTIMAL_DEADBAND
07/04  13:30:00,13.5,19.8,21.0,-0.498,0.0459,21.0,0.448,0.039,227.5,0.22,COMFORT_OPTIMAL_DEADBAND
07/04  13:45:00,13.75,19.7,21.0,-0.499,0.0475,21.0,0.448,0.0404,227.5,0.22,COMFORT_OPTIMAL_DEADBAND
07/04  14:00:00,14.0,19.6,21.0,-0.501,0.0493,21.8,0.577,0.0355,227.5,0.35,CARBON_PEAK_SHEDDING
07/04  14:15:00,14.25,19.52,21.0,-0.503,0.0513,21.8,0.577,0.0369,227.5,0.35,CARBON_PEAK_SHEDDING
07/04  14:30:00,14.5,19.45,21.0,-0.506,0.0538,21.8,0.577,0.0387,227.5,0.35,CARBON_PEAK_SHEDDING
07/04  14:45:00,14.75,19.38,21.0,-0.51,0.0575,21.8,0.577,0.0414,227.5,0.35,CARBON_PEAK_SHEDDING
07/04  15:00:00,15.0,19.3,21.0,-0.514,0.0618,21.8,0.577,0.0445,227.5,0.35,CARBON_PEAK_SHEDDING
07/04  15:15:00,15.25,19.2,21.0,-0.518,0.0666,21.8,0.577,0.048,350.0,0.35,CARBON_PEAK_SHEDDING
07/04  15:30:00,15.5,19.1,21.0,-0.523,0.0717,21.8,0.577,0.0516,350.0,0.35,CARBON_PEAK_SHEDDING
07/04  15:45:00,15.75,19.0,21.0,-0.529,0.0781,21.8,0.577,0.0562,350.0,0.35,CARBON_PEAK_SHEDDING
07/04  16:00:00,16.0,18.9,21.0,-0.535,0.0858,21.8,0.577,0.0618,560.0,0.35,CARBON_PEAK_SHEDDING
07/04  16:15:00,16.25,18.62,21.0,-0.539,0.0911,21.8,0.577,0.0656,560.0,0.35,CARBON_PEAK_SHEDDING
07/04  16:30:00,16.5,18.35,21.0,-0.544,0.0967,21.8,0.577,0.0696,560.0,0.35,CARBON_PEAK_SHEDDING
07/04  16:45:00,16.75,18.08,21.0,-0.551,0.1037,21.8,0.577,0.0747,560.0,0.35,CARBON_PEAK_SHEDDING
07/04  17:00:00,17.0,17.8,21.0,-0.557,0.1116,21.8,0.577,0.0804,560.0,0.35,CARBON_PEAK_SHEDDING
07/04  17:15:00,17.25,17.53,21.0,-0.563,0.1194,21.8,0.577,0.086,560.0,0.35,CARBON_PEAK_SHEDDING
07/04  17:30:00,17.5,17.25,21.0,-0.569,0.1275,21.8,0.577,0.0918,560.0,0.35,CARBON_PEAK_SHEDDING
07/04  17:45:00,17.75,16.97,21.0,-0.577,0.137,21.8,0.577,0.0986,560.0,0.35,CARBON_PEAK_SHEDDING
07/04  18:00:00,18.0,16.7,21.0,-0.586,0.1488,21.8,0.577,0.1071,560.0,0.35,CARBON_PEAK_SHEDDING
07/04  18:15:00,18.25,16.42,21.0,-0.593,0.1598,21.8,0.577,0.1151,560.0,0.35,CARBON_PEAK_SHEDDING
07/04  18:30:00,18.5,16.15,21.0,-0.6,0.1706,21.8,0.577,0.1228,560.0,0.35,CARBON_PEAK_SHEDDING
07/04  18:45:00,18.75,15.88,21.0,-0.606,0.1793,21.8,0.577,0.1291,560.0,0.35,CARBON_PEAK_SHEDDING
07/04  19:00:00,19.0,15.6,21.0,-0.612,0.1887,21.8,0.577,0.1359,560.0,0.35,CARBON_PEAK_SHEDDING
07/04  19:15:00,19.25,15.6,21.0,-0.617,0.1962,21.8,0.577,0.1413,560.0,0.35,CARBON_PEAK_SHEDDING
07/04  19:30:00,19.5,15.6,21.0,-0.623,0.2057,21.8,0.577,0.1481,560.0,0.35,CARBON_PEAK_SHEDDING
07/04  19:45:00,19.75,15.6,21.0,-0.623,0.2083,21.8,0.577,0.15,560.0,0.35,CARBON_PEAK_SHEDDING
07/04  20:00:00,20.0,15.6,21.0,-0.624,0.2089,21.8,0.577,0.1504,560.0,0.35,CARBON_PEAK_SHEDDING
07/04  20:15:00,20.25,15.6,21.0,-0.625,0.21,21.8,0.577,0.1512,560.0,0.12,CARBON_PEAK_SHEDDING
07/04  20:30:00,20.5,15.6,21.0,-0.625,0.211,21.8,0.577,0.1519,560.0,0.12,CARBON_PEAK_SHEDDING
07/04  20:45:00,20.75,15.6,21.0,-0.626,0.212,21.8,0.577,0.1526,560.0,0.12,CARBON_PEAK_SHEDDING
07/04  21:00:00,21.0,15.6,21.0,-0.627,0.2129,21.8,0.577,0.1533,560.0,0.12,CARBON_PEAK_SHEDDING
07/04  21:15:00,21.25,15.6,21.0,-0.627,0.2135,21.0,0.448,0.1815,350.0,0.12,COMFORT_OPTIMAL_DEADBAND
07/04  21:30:00,21.5,15.6,21.0,-0.627,0.2139,21.0,0.448,0.1818,350.0,0.12,COMFORT_OPTIMAL_DEADBAND
07/04  21:45:00,21.75,15.6,21.0,-0.627,0.2144,21.0,0.448,0.1822,350.0,0.12,COMFORT_OPTIMAL_DEADBAND
07/04  22:00:00,22.0,15.6,21.0,-0.627,0.2149,21.0,0.448,0.1827,350.0,0.12,COMFORT_OPTIMAL_DEADBAND
07/04  22:15:00,22.25,15.38,21.0,-0.629,0.2168,21.0,0.448,0.1843,350.0,0.12,COMFORT_OPTIMAL_DEADBAND
07/04  22:30:00,22.5,15.15,21.0,-0.63,0.2189,21.0,0.448,0.1861,350.0,0.12,COMFORT_OPTIMAL_DEADBAND
07/04  22:45:00,22.75,14.93,21.0,-0.631,0.2209,21.0,0.448,0.1878,350.0,0.12,COMFORT_OPTIMAL_DEADBAND
07/04  23:00:00,23.0,14.7,21.0,-0.633,0.223,21.0,0.448,0.1895,350.0,0.12,COMFORT_OPTIMAL_DEADBAND
07/04  23:15:00,23.25,14.45,21.0,-0.634,0.2254,21.0,0.448,0.1916,350.0,0.12,COMFORT_OPTIMAL_DEADBAND
07/04  23:30:00,23.5,14.2,21.0,-0.636,0.2277,21.0,0.448,0.1935,350.0,0.12,COMFORT_OPTIMAL_DEADBAND
07/04  23:45:00,23.75,13.95,21.0,-0.637,0.2301,21.0,0.448,0.1956,350.0,0.12,COMFORT_OPTIMAL_DEADBAND
07/04  24:00:00,24.0,13.7,21.0,-0.639,0.2325,21.0,0.448,0.1976,350.0,0.12,COMFORT_OPTIMAL_DEADBAND
07/05  00:15:00,0.25,13.47,21.0,-0.64,0.2348,21.0,0.448,0.1996,350.0,0.12,COMFORT_OPTIMAL_DEADBAND
07/05  00:30:00,0.5,13.25,21.0,-0.642,0.237,21.0,0.448,0.2014,350.0,0.12,COMFORT_OPTIMAL_DEADBAND
07/05  00:45:00,0.75,13.03,21.0,-0.643,0.2392,21.0,0.448,0.2033,350.0,0.12,COMFORT_OPTIMAL_DEADBAND
07/05  01:00:00,1.0,12.8,21.0,-0.644,0.2414,21.0,0.448,0.2052,350.0,0.12,COMFORT_OPTIMAL_DEADBAND
07/05  01:15:00,1.25,12.7,21.0,-0.645,0.2424,21.0,0.448,0.206,350.0,0.12,COMFORT_OPTIMAL_DEADBAND
07/05  01:30:00,1.5,12.6,21.0,-0.645,0.2431,21.0,0.448,0.2066,350.0,0.12,COMFORT_OPTIMAL_DEADBAND
07/05  01:45:00,1.75,12.5,21.0,-0.646,0.2438,21.0,0.448,0.2072,350.0,0.12,COMFORT_OPTIMAL_DEADBAND
07/05  02:00:00,2.0,12.4,21.0,-0.646,0.2446,21.0,0.448,0.2079,350.0,0.12,COMFORT_OPTIMAL_DEADBAND
07/05  02:15:00,2.25,12.32,21.0,-0.647,0.2452,21.0,0.448,0.2084,350.0,0.12,COMFORT_OPTIMAL_DEADBAND
07/05  02:30:00,2.5,12.25,21.0,-0.647,0.2459,21.0,0.448,0.209,350.0,0.12,COMFORT_OPTIMAL_DEADBAND
07/05  02:45:00,2.75,12.18,21.0,-0.647,0.2466,21.0,0.448,0.2096,350.0,0.12,COMFORT_OPTIMAL_DEADBAND
07/05  03:00:00,3.0,12.1,21.0,-0.648,0.2473,21.0,0.448,0.2102,350.0,0.12,COMFORT_OPTIMAL_DEADBAND
07/05  03:15:00,3.25,12.0,21.0,-0.648,0.2482,21.0,0.448,0.211,350.0,0.12,COMFORT_OPTIMAL_DEADBAND
07/05  03:30:00,3.5,11.9,21.0,-0.649,0.2491,21.0,0.448,0.2117,350.0,0.12,COMFORT_OPTIMAL_DEADBAND
07/05  03:45:00,3.75,11.8,21.0,-0.649,0.25,21.0,0.448,0.2125,350.0,0.12,COMFORT_OPTIMAL_DEADBAND
07/05  04:00:00,4.0,11.7,21.0,-0.65,0.2509,21.0,0.448,0.2133,350.0,0.12,COMFORT_OPTIMAL_DEADBAND
07/05  04:15:00,4.25,11.82,21.0,-0.65,0.2505,21.0,0.448,0.2129,350.0,0.12,COMFORT_OPTIMAL_DEADBAND
07/05  04:30:00,4.5,11.95,21.0,-0.649,0.2494,21.0,0.448,0.212,350.0,0.12,COMFORT_OPTIMAL_DEADBAND
07/05  04:45:00,4.75,12.07,21.0,-0.648,0.2484,21.0,0.448,0.2111,350.0,0.12,COMFORT_OPTIMAL_DEADBAND
07/05  05:00:00,5.0,12.2,21.0,-0.636,0.2324,21.0,0.448,0.1975,350.0,0.12,COMFORT_OPTIMAL_DEADBAND
07/05  05:15:00,5.25,12.35,21.0,-0.629,0.2194,21.0,0.448,0.1865,350.0,0.12,COMFORT_OPTIMAL_DEADBAND
07/05  05:30:00,5.5,12.5,21.0,-0.622,0.2084,21.0,0.448,0.1771,350.0,0.12,COMFORT_OPTIMAL_DEADBAND
07/05  05:45:00,5.75,12.65,21.0,-0.611,0.1934,21.0,0.448,0.1644,350.0,0.12,COMFORT_OPTIMAL_DEADBAND
07/05  06:00:00,6.0,12.8,21.0,-0.602,0.1788,21.0,0.448,0.152,350.0,0.12,COMFORT_OPTIMAL_DEADBAND
07/05  06:15:00,6.25,12.93,21.0,-0.591,0.1645,21.0,0.448,0.1398,350.0,0.12,COMFORT_OPTIMAL_DEADBAND
07/05  06:30:00,6.5,13.05,21.0,-0.581,0.1506,21.0,0.448,0.128,350.0,0.12,COMFORT_OPTIMAL_DEADBAND
07/05  06:45:00,6.75,13.18,21.0,-0.577,0.1446,21.0,0.448,0.1229,350.0,0.12,COMFORT_OPTIMAL_DEADBAND
07/05  07:00:00,7.0,13.3,21.0,-0.574,0.1399,21.0,0.448,0.1189,350.0,0.12,COMFORT_OPTIMAL_DEADBAND
07/05  07:15:00,7.25,13.57,21.0,-0.569,0.1342,21.0,0.448,0.1141,350.0,0.12,COMFORT_OPTIMAL_DEADBAND
07/05  07:30:00,7.5,13.85,21.0,-0.565,0.1286,21.0,0.448,0.1093,350.0,0.12,COMFORT_OPTIMAL_DEADBAND
07/05  07:45:00,7.75,14.12,21.0,-0.559,0.1211,21.0,0.448,0.1029,350.0,0.12,COMFORT_OPTIMAL_DEADBAND
07/05  08:00:00,8.0,14.4,21.0,-0.553,0.1129,21.0,0.448,0.096,350.0,0.22,COMFORT_OPTIMAL_DEADBAND
07/05  08:15:00,8.25,14.7,21.0,-0.547,0.1055,21.0,0.448,0.0897,350.0,0.22,COMFORT_OPTIMAL_DEADBAND
07/05  08:30:00,8.5,15.0,21.0,-0.541,0.0979,21.0,0.448,0.0832,350.0,0.22,COMFORT_OPTIMAL_DEADBAND
07/05  08:45:00,8.75,15.3,21.0,-0.537,0.0917,21.0,0.448,0.0779,350.0,0.22,COMFORT_OPTIMAL_DEADBAND
07/05  09:00:00,9.0,15.6,21.0,-0.532,0.0863,21.0,0.448,0.0734,350.0,0.22,COMFORT_OPTIMAL_DEADBAND
07/05  09:15:00,9.25,15.88,21.0,-0.529,0.0814,21.0,0.448,0.0692,350.0,0.22,COMFORT_OPTIMAL_DEADBAND
07/05  09:30:00,9.5,16.15,21.0,-0.525,0.0772,21.0,0.448,0.0656,350.0,0.22,COMFORT_OPTIMAL_DEADBAND
07/05  09:45:00,9.75,16.42,21.0,-0.523,0.0742,21.0,0.448,0.0631,350.0,0.22,COMFORT_OPTIMAL_DEADBAND
07/05  10:00:00,10.0,16.7,21.0,-0.521,0.0714,21.0,0.448,0.0607,227.5,0.22,COMFORT_OPTIMAL_DEADBAND
07/05  10:15:00,10.25,16.75,21.0,-0.521,0.0702,21.0,0.448,0.0597,227.5,0.22,COMFORT_OPTIMAL_DEADBAND
07/05  10:30:00,10.5,16.8,21.0,-0.521,0.0698,21.0,0.448,0.0593,227.5,0.22,COMFORT_OPTIMAL_DEADBAND
07/05  10:45:00,10.75,16.85,21.0,-0.521,0.0689,21.0,0.448,0.0586,227.5,0.22,COMFORT_OPTIMAL_DEADBAND
07/05  11:00:00,11.0,16.9,21.0,-0.522,0.0685,21.0,0.448,0.0582,227.5,0.22,COMFORT_OPTIMAL_DEADBAND
07/05  11:15:00,11.25,16.92,21.0,-0.522,0.0687,21.0,0.448,0.0584,227.5,0.22,COMFORT_OPTIMAL_DEADBAND
07/05  11:30:00,11.5,16.95,21.0,-0.523,0.0694,21.0,0.448,0.059,227.5,0.22,COMFORT_OPTIMAL_DEADBAND
07/05  11:45:00,11.75,16.98,21.0,-0.526,0.0716,21.0,0.448,0.0609,227.5,0.22,COMFORT_OPTIMAL_DEADBAND
07/05  12:00:00,12.0,17.0,21.0,-0.528,0.0746,21.0,0.448,0.0634,227.5,0.22,COMFORT_OPTIMAL_DEADBAND
07/05  12:15:00,12.25,17.05,21.0,-0.531,0.0776,21.0,0.448,0.066,227.5,0.22,COMFORT_OPTIMAL_DEADBAND
07/05  12:30:00,12.5,17.1,21.0,-0.529,0.0766,21.0,0.448,0.0651,227.5,0.22,COMFORT_OPTIMAL_DEADBAND
07/05  12:45:00,12.75,17.15,21.0,-0.528,0.0749,21.0,0.448,0.0637,227.5,0.22,COMFORT_OPTIMAL_DEADBAND
07/05  13:00:00,13.0,17.2,21.0,-0.527,0.0738,21.0,0.448,0.0627,227.5,0.22,COMFORT_OPTIMAL_DEADBAND
07/05  13:15:00,13.25,17.15,21.0,-0.526,0.073,21.0,0.448,0.062,227.5,0.22,COMFORT_OPTIMAL_DEADBAND
07/05  13:30:00,13.5,17.1,21.0,-0.526,0.0726,21.0,0.448,0.0617,227.5,0.22,COMFORT_OPTIMAL_DEADBAND
07/05  13:45:00,13.75,17.05,21.0,-0.526,0.073,21.0,0.448,0.062,227.5,0.22,COMFORT_OPTIMAL_DEADBAND
07/05  14:00:00,14.0,17.0,21.0,-0.527,0.0739,21.8,0.577,0.0532,227.5,0.35,CARBON_PEAK_SHEDDING
07/05  14:15:00,14.25,16.98,21.0,-0.528,0.0749,21.8,0.577,0.0539,227.5,0.35,CARBON_PEAK_SHEDDING
07/05  14:30:00,14.5,16.95,21.0,-0.529,0.0762,21.8,0.577,0.0549,227.5,0.35,CARBON_PEAK_SHEDDING
07/05  14:45:00,14.75,16.92,21.0,-0.532,0.0793,21.8,0.577,0.0571,227.5,0.35,CARBON_PEAK_SHEDDING
07/05  15:00:00,15.0,16.9,21.0,-0.535,0.0831,21.8,0.577,0.0598,227.5,0.35,CARBON_PEAK_SHEDDING
07/05  15:15:00,15.25,16.85,21.0,-0.538,0.0877,21.8,0.577,0.0631,350.0,0.35,CARBON_PEAK_SHEDDING
07/05  15:30:00,15.5,16.8,21.0,-0.542,0.0927,21.8,0.577,0.0667,350.0,0.35,CARBON_PEAK_SHEDDING
07/05  15:45:00,15.75,16.75,21.0,-0.545,0.097,21.8,0.577,0.0698,350.0,0.35,CARBON_PEAK_SHEDDING
07/05  16:00:00,16.0,16.7,21.0,-0.548,0.1012,21.8,0.577,0.0729,560.0,0.35,CARBON_PEAK_SHEDDING
07/05  16:15:00,16.25,16.6,21.0,-0.548,0.1029,21.8,0.577,0.0741,560.0,0.35,CARBON_PEAK_SHEDDING
07/05  16:30:00,16.5,16.5,21.0,-0.549,0.104,21.8,0.577,0.0749,560.0,0.35,CARBON_PEAK_SHEDDING
07/05  16:45:00,16.75,16.4,21.0,-0.553,0.1079,21.8,0.577,0.0777,560.0,0.35,CARBON_PEAK_SHEDDING
07/05  17:00:00,17.0,16.3,21.0,-0.557,0.1126,21.8,0.577,0.0811,560.0,0.35,CARBON_PEAK_SHEDDING
07/05  17:15:00,17.25,16.23,21.0,-0.561,0.1173,21.8,0.577,0.0845,560.0,0.35,CARBON_PEAK_SHEDDING
07/05  17:30:00,17.5,16.15,21.0,-0.565,0.123,21.8,0.577,0.0886,560.0,0.35,CARBON_PEAK_SHEDDING
07/05  17:45:00,17.75,16.07,21.0,-0.57,0.1295,21.8,0.577,0.0932,560.0,0.35,CARBON_PEAK_SHEDDING
07/05  18:00:00,18.0,16.0,21.0,-0.576,0.1365,21.8,0.577,0.0983,560.0,0.35,CARBON_PEAK_SHEDDING
07/05  18:15:00,18.25,15.9,21.0,-0.581,0.1436,21.8,0.577,0.1034,560.0,0.35,CARBON_PEAK_SHEDDING
07/05  18:30:00,18.5,15.8,21.0,-0.586,0.1508,21.8,0.577,0.1086,560.0,0.35,CARBON_PEAK_SHEDDING
07/05  18:45:00,18.75,15.7,21.0,-0.594,0.1613,21.8,0.577,0.1161,560.0,0.35,CARBON_PEAK_SHEDDING
07/05  19:00:00,19.0,15.6,21.0,-0.602,0.1725,21.8,0.577,0.1242,560.0,0.35,CARBON_PEAK_SHEDDING
07/05  19:15:00,19.25,15.55,21.0,-0.611,0.1857,21.8,0.577,0.1337,560.0,0.35,CARBON_PEAK_SHEDDING
07/05  19:30:00,19.5,15.5,21.0,-0.627,0.2072,21.8,0.577,0.1492,560.0,0.35,CARBON_PEAK_SHEDDING
07/05  19:45:00,19.75,15.45,21.0,-0.626,0.2127,21.8,0.577,0.1531,560.0,0.35,CARBON_PEAK_SHEDDING
07/05  20:00:00,20.0,15.4,21.0,-0.628,0.2139,21.8,0.577,0.154,560.0,0.35,CARBON_PEAK_SHEDDING
07/05  20:15:00,20.25,15.35,21.0,-0.629,0.2154,21.8,0.577,0.1551,560.0,0.12,CARBON_PEAK_SHEDDING
07/05  20:30:00,20.5,15.3,21.0,-0.63,0.2168,21.8,0.577,0.1561,560.0,0.12,CARBON_PEAK_SHEDDING
07/05  20:45:00,20.75,15.25,21.0,-0.63,0.2181,21.8,0.577,0.157,560.0,0.12,CARBON_PEAK_SHEDDING
07/05  21:00:00,21.0,15.2,21.0,-0.631,0.2193,21.8,0.577,0.1579,560.0,0.12,CARBON_PEAK_SHEDDING
07/05  21:15:00,21.25,15.15,21.0,-0.632,0.2206,21.0,0.448,0.1875,350.0,0.12,COMFORT_OPTIMAL_DEADBAND
07/05  21:30:00,21.5,15.1,21.0,-0.633,0.2218,21.0,0.448,0.1885,350.0,0.12,COMFORT_OPTIMAL_DEADBAND
07/05  21:45:00,21.75,15.05,21.0,-0.633,0.2229,21.0,0.448,0.1895,350.0,0.12,COMFORT_OPTIMAL_DEADBAND
07/05  22:00:00,22.0,15.0,21.0,-0.634,0.2241,21.0,0.448,0.1905,350.0,0.12,COMFORT_OPTIMAL_DEADBAND
07/05  22:15:00,22.25,14.85,21.0,-0.635,0.2256,21.0,0.448,0.1918,350.0,0.12,COMFORT_OPTIMAL_DEADBAND
07/05  22:30:00,22.5,14.7,21.0,-0.636,0.2273,21.0,0.448,0.1932,350.0,0.12,COMFORT_OPTIMAL_DEADBAND
07/05  22:45:00,22.75,14.55,21.0,-0.637,0.2289,21.0,0.448,0.1946,350.0,0.12,COMFORT_OPTIMAL_DEADBAND
07/05  23:00:00,23.0,14.4,21.0,-0.638,0.2305,21.0,0.448,0.1959,350.0,0.12,COMFORT_OPTIMAL_DEADBAND
07/05  23:15:00,23.25,14.28,21.0,-0.639,0.2318,21.0,0.448,0.197,350.0,0.12,COMFORT_OPTIMAL_DEADBAND
07/05  23:30:00,23.5,14.15,21.0,-0.64,0.2331,21.0,0.448,0.1981,350.0,0.12,COMFORT_OPTIMAL_DEADBAND
07/05  23:45:00,23.75,14.03,21.0,-0.641,0.2344,21.0,0.448,0.1992,350.0,0.12,COMFORT_OPTIMAL_DEADBAND
07/05  24:00:00,24.0,13.9,21.0,-0.642,0.2356,21.0,0.448,0.2003,350.0,0.12,COMFORT_OPTIMAL_DEADBAND
07/06  00:15:00,0.25,13.75,21.0,-0.643,0.2372,21.0,0.448,0.2016,350.0,0.12,COMFORT_OPTIMAL_DEADBAND
07/06  00:30:00,0.5,13.6,21.0,-0.644,0.2387,21.0,0.448,0.2029,350.0,0.12,COMFORT_OPTIMAL_DEADBAND
07/06  00:45:00,0.75,13.45,21.0,-0.645,0.2403,21.0,0.448,0.2043,350.0,0.12,COMFORT_OPTIMAL_DEADBAND
07/06  01:00:00,1.0,13.3,21.0,-0.646,0.2419,21.0,0.448,0.2056,350.0,0.12,COMFORT_OPTIMAL_DEADBAND
07/06  01:15:00,1.25,13.25,21.0,-0.646,0.2424,21.0,0.448,0.206,350.0,0.12,COMFORT_OPTIMAL_DEADBAND
07/06  01:30:00,1.5,13.2,21.0,-0.646,0.2425,21.0,0.448,0.2061,350.0,0.12,COMFORT_OPTIMAL_DEADBAND
07/06  01:45:00,1.75,13.15,21.0,-0.646,0.2428,21.0,0.448,0.2064,350.0,0.12,COMFORT_OPTIMAL_DEADBAND
07/06  02:00:00,2.0,13.1,21.0,-0.646,0.243,21.0,0.448,0.2065,350.0,0.12,COMFORT_OPTIMAL_DEADBAND
07/06  02:15:00,2.25,13.07,21.0,-0.646,0.2431,21.0,0.448,0.2066,350.0,0.12,COMFORT_OPTIMAL_DEADBAND
07/06  02:30:00,2.5,13.05,21.0,-0.646,0.2433,21.0,0.448,0.2068,350.0,0.12,COMFORT_OPTIMAL_DEADBAND
07/06  02:45:00,2.75,13.03,21.0,-0.647,0.2434,21.0,0.448,0.2069,350.0,0.12,COMFORT_OPTIMAL_DEADBAND
07/06  03:00:00,3.0,13.0,21.0,-0.647,0.2435,21.0,0.448,0.207,350.0,0.12,COMFORT_OPTIMAL_DEADBAND
07/06  03:15:00,3.25,12.95,21.0,-0.647,0.2438,21.0,0.448,0.2072,350.0,0.12,COMFORT_OPTIMAL_DEADBAND
07/06  03:30:00,3.5,12.9,21.0,-0.647,0.2441,21.0,0.448,0.2075,350.0,0.12,COMFORT_OPTIMAL_DEADBAND
07/06  03:45:00,3.75,12.85,21.0,-0.647,0.2444,21.0,0.448,0.2077,350.0,0.12,COMFORT_OPTIMAL_DEADBAND
07/06  04:00:00,4.0,12.8,21.0,-0.647,0.2446,21.0,0.448,0.2079,350.0,0.12,COMFORT_OPTIMAL_DEADBAND
07/06  04:15:00,4.25,12.93,21.0,-0.647,0.2441,21.0,0.448,0.2075,350.0,0.12,COMFORT_OPTIMAL_DEADBAND
07/06  04:30:00,4.5,13.05,21.0,-0.646,0.2432,21.0,0.448,0.2067,350.0,0.12,COMFORT_OPTIMAL_DEADBAND
07/06  04:45:00,4.75,13.18,21.0,-0.646,0.2423,21.0,0.448,0.206,350.0,0.12,COMFORT_OPTIMAL_DEADBAND
07/06  05:00:00,5.0,13.3,21.0,-0.635,0.2291,21.0,0.448,0.1947,350.0,0.12,COMFORT_OPTIMAL_DEADBAND
07/06  05:15:00,5.25,13.45,21.0,-0.63,0.219,21.0,0.448,0.1861,350.0,0.12,COMFORT_OPTIMAL_DEADBAND
07/06  05:30:00,5.5,13.6,21.0,-0.622,0.2071,21.0,0.448,0.176,350.0,0.12,COMFORT_OPTIMAL_DEADBAND
07/06  05:45:00,5.75,13.75,21.0,-0.612,0.192,21.0,0.448,0.1632,350.0,0.12,COMFORT_OPTIMAL_DEADBAND
07/06  06:00:00,6.0,13.9,21.0,-0.601,0.1761,21.0,0.448,0.1497,350.0,0.12,COMFORT_OPTIMAL_DEADBAND
07/06  06:15:00,6.25,14.03,21.0,-0.59,0.1602,21.0,0.448,0.1362,350.0,0.12,COMFORT_OPTIMAL_DEADBAND
07/06  06:30:00,6.5,14.15,21.0,-0.576,0.1426,21.0,0.448,0.1212,350.0,0.12,COMFORT_OPTIMAL_DEADBAND
07/06  06:45:00,6.75,14.28,21.0,-0.566,0.1302,21.0,0.448,0.1107,350.0,0.12,COMFORT_OPTIMAL_DEADBAND
07/06  07:00:00,7.0,14.4,21.0,-0.556,0.1179,21.0,0.448,0.1002,350.0,0.12,COMFORT_OPTIMAL_DEADBAND
07/06  07:15:00,7.25,14.62,21.85,-0.388,0.0,21.85,0.448,0.0,350.0,0.12,COMFORT_OPTIMAL_DEADBAND
07/06  07:30:00,7.5,14.85,22.55,-0.234,0.0,22.55,0.448,0.0,350.0,0.12,COMFORT_OPTIMAL_DEADBAND
07/06  07:45:00,7.75,15.07,23.07,-0.135,0.0,23.07,0.448,0.0,350.0,0.12,COMFORT_OPTIMAL_DEADBAND
07/06  08:00:00,8.0,15.3,23.45,-0.061,0.0,23.45,0.448,0.0,350.0,0.22,COMFORT_OPTIMAL_DEADBAND
07/06  08:15:00,8.25,15.55,23.97,0.044,0.1966,23.97,0.448,0.1671,350.0,0.22,COMFORT_OPTIMAL_DEADBAND
07/06  08:30:00,8.5,15.8,24.0,0.067,0.3995,24.0,0.448,0.3396,350.0,0.22,COMFORT_OPTIMAL_DEADBAND
07/06  08:45:00,8.75,16.05,24.0,0.065,0.2918,24.0,0.448,0.248,350.0,0.22,COMFORT_OPTIMAL_DEADBAND
07/06  09:00:00,9.0,16.3,24.0,0.062,0.337,24.0,0.448,0.2865,350.0,0.22,COMFORT_OPTIMAL_DEADBAND
07/06  09:15:00,9.25,16.53,24.0,0.058,0.3488,24.0,0.448,0.2965,350.0,0.22,COMFORT_OPTIMAL_DEADBAND
07/06  09:30:00,9.5,16.75,24.0,0.052,0.3541,24.0,0.448,0.301,350.0,0.22,COMFORT_OPTIMAL_DEADBAND
07/06  09:45:00,9.75,16.97,24.0,0.045,0.354,24.0,0.448,0.3009,350.0,0.22,COMFORT_OPTIMAL_DEADBAND
07/06  10:00:00,10.0,17.2,24.0,0.039,0.3515,24.0,0.448,0.2988,227.5,0.22,COMFORT_OPTIMAL_DEADBAND
07/06  10:15:00,10.25,17.47,24.0,0.034,0.3512,24.0,0.448,0.2985,227.5,0.22,COMFORT_OPTIMAL_DEADBAND
07/06  10:30:00,10.5,17.75,24.0,0.029,0.3501,24.0,0.448,0.2976,227.5,0.22,COMFORT_OPTIMAL_DEADBAND
07/06  10:45:00,10.75,18.02,24.0,0.024,0.3469,24.0,0.448,0.2949,227.5,0.22,COMFORT_OPTIMAL_DEADBAND
07/06  11:00:00,11.0,18.3,24.0,0.019,0.3427,24.0,0.448,0.2913,227.5,0.22,COMFORT_OPTIMAL_DEADBAND
07/06  11:15:00,11.25,18.6,24.0,0.015,0.3387,24.0,0.448,0.2879,227.5,0.22,COMFORT_OPTIMAL_DEADBAND
07/06  11:30:00,11.5,18.9,24.0,0.011,0.3344,24.0,0.448,0.2842,227.5,0.22,COMFORT_OPTIMAL_DEADBAND
07/06  11:45:00,11.75,19.2,24.0,0.006,0.3291,24.0,0.448,0.2797,227.5,0.22,COMFORT_OPTIMAL_DEADBAND
07/06  12:00:00,12.0,19.5,24.0,0.003,0.3235,24.0,0.448,0.275,227.5,0.22,COMFORT_OPTIMAL_DEADBAND
07/06  12:15:00,12.25,19.77,24.0,-0.008,0.1942,24.0,0.448,0.1651,227.5,0.22,COMFORT_OPTIMAL_DEADBAND
07/06  12:30:00,12.5,20.05,24.0,-0.007,0.1951,24.0,0.448,0.1658,227.5,0.22,COMFORT_OPTIMAL_DEADBAND
07/06  12:45:00,12.75,20.33,24.0,-0.008,0.1997,24.0,0.448,0.1697,227.5,0.22,COMFORT_OPTIMAL_DEADBAND
07/06  13:00:00,13.0,20.6,24.0,-0.009,0.203,24.0,0.448,0.1726,227.5,0.22,COMFORT_OPTIMAL_DEADBAND
07/06  13:15:00,13.25,20.5,24.0,-0.004,0.3222,24.0,0.448,0.2739,227.5,0.22,COMFORT_OPTIMAL_DEADBAND
07/06  13:30:00,13.5,20.4,24.0,-0.005,0.3249,24.0,0.448,0.2762,227.5,0.22,COMFORT_OPTIMAL_DEADBAND
07/06  13:45:00,13.75,20.3,24.0,-0.005,0.3238,24.0,0.448,0.2752,227.5,0.22,COMFORT_OPTIMAL_DEADBAND
07/06  14:00:00,14.0,20.2,24.0,-0.006,0.3224,24.8,0.577,0.2321,227.5,0.35,CARBON_PEAK_SHEDDING
07/06  14:15:00,14.25,20.1,24.0,-0.008,0.32,24.8,0.577,0.2304,227.5,0.35,CARBON_PEAK_SHEDDING
07/06  14:30:00,14.5,20.0,24.0,-0.009,0.3168,24.8,0.577,0.2281,227.5,0.35,CARBON_PEAK_SHEDDING
07/06  14:45:00,14.75,19.9,24.0,-0.012,0.3118,24.8,0.577,0.2245,227.5,0.35,CARBON_PEAK_SHEDDING
07/06  15:00:00,15.0,19.8,24.0,-0.014,0.3061,24.8,0.577,0.2204,227.5,0.35,CARBON_PEAK_SHEDDING
07/06  15:15:00,15.25,19.7,24.0,-0.016,0.3004,24.8,0.577,0.2163,350.0,0.35,CARBON_PEAK_SHEDDING
07/06  15:30:00,15.5,19.6,24.0,-0.018,0.2941,24.8,0.577,0.2118,350.0,0.35,CARBON_PEAK_SHEDDING
07/06  15:45:00,15.75,19.5,24.0,-0.022,0.2832,24.8,0.577,0.2039,350.0,0.35,CARBON_PEAK_SHEDDING
07/06  16:00:00,16.0,19.4,24.0,-0.025,0.2719,24.8,0.577,0.1958,560.0,0.35,CARBON_PEAK_SHEDDING
07/06  16:15:00,16.25,19.07,24.0,-0.028,0.2618,24.8,0.577,0.1885,560.0,0.35,CARBON_PEAK_SHEDDING
07/06  16:30:00,16.5,18.75,24.0,-0.03,0.2518,24.8,0.577,0.1813,560.0,0.35,CARBON_PEAK_SHEDDING
07/06  16:45:00,16.75,18.43,24.0,-0.035,0.2373,24.8,0.577,0.1709,560.0,0.35,CARBON_PEAK_SHEDDING
07/06  17:00:00,17.0,18.1,24.0,-0.037,0.2235,24.8,0.577,0.1609,560.0,0.35,CARBON_PEAK_SHEDDING
07/06  17:15:00,17.25,17.8,24.0,-0.049,0.0393,24.8,0.577,0.0283,560.0,0.35,CARBON_PEAK_SHEDDING
07/06  17:30:00,17.5,17.5,24.0,-0.051,0.0172,24.8,0.577,0.0124,560.0,0.35,CARBON_PEAK_SHEDDING
07/06  17:45:00,17.75,17.2,23.99,-0.056,0.0,24.79,0.577,0.0,560.0,0.35,CARBON_PEAK_SHEDDING
07/06  18:00:00,18.0,16.9,23.94,-0.065,0.0,24.74,0.577,0.0,560.0,0.35,CARBON_PEAK_SHEDDING
07/06  18:15:00,18.25,16.57,22.63,-0.295,0.0,23.43,0.577,0.0,560.0,0.35,CARBON_PEAK_SHEDDING
07/06  18:30:00,18.5,16.25,21.21,-0.595,0.0411,22.01,0.577,0.0296,560.0,0.35,CARBON_PEAK_SHEDDING
07/06  18:45:00,18.75,15.93,21.0,-0.655,0.2203,21.8,0.577,0.1586,560.0,0.35,CARBON_PEAK_SHEDDING
07/06  19:00:00,19.0,15.6,21.0,-0.665,0.1343,21.8,0.577,0.0967,560.0,0.35,CARBON_PEAK_SHEDDING
07/06  19:15:00,19.25,15.55,21.0,-0.675,0.1642,21.8,0.577,0.1182,560.0,0.35,CARBON_PEAK_SHEDDING
07/06  19:30:00,19.5,15.5,21.0,-0.686,0.186,21.8,0.577,0.1339,560.0,0.35,CARBON_PEAK_SHEDDING
07/06  19:45:00,19.75,15.45,21.0,-0.688,0.1923,21.8,0.577,0.1385,560.0,0.35,CARBON_PEAK_SHEDDING
07/06  20:00:00,20.0,15.4,21.0,-0.691,0.196,21.8,0.577,0.1411,560.0,0.35,CARBON_PEAK_SHEDDING
07/06  20:15:00,20.25,15.35,21.0,-0.693,0.199,21.8,0.577,0.1433,560.0,0.12,CARBON_PEAK_SHEDDING
07/06  20:30:00,20.5,15.3,21.0,-0.695,0.2016,21.8,0.577,0.1452,560.0,0.12,CARBON_PEAK_SHEDDING
07/06  20:45:00,20.75,15.25,21.0,-0.696,0.2036,21.8,0.577,0.1466,560.0,0.12,CARBON_PEAK_SHEDDING
07/06  21:00:00,21.0,15.2,21.0,-0.697,0.2053,21.8,0.577,0.1478,560.0,0.12,CARBON_PEAK_SHEDDING
07/06  21:15:00,21.25,15.15,21.0,-0.698,0.2062,21.0,0.448,0.1753,350.0,0.12,COMFORT_OPTIMAL_DEADBAND
07/06  21:30:00,21.5,15.1,21.0,-0.698,0.2067,21.0,0.448,0.1757,350.0,0.12,COMFORT_OPTIMAL_DEADBAND
07/06  21:45:00,21.75,15.05,21.0,-0.699,0.2071,21.0,0.448,0.176,350.0,0.12,COMFORT_OPTIMAL_DEADBAND
07/06  22:00:00,22.0,15.0,21.0,-0.699,0.2072,21.0,0.448,0.1761,350.0,0.12,COMFORT_OPTIMAL_DEADBAND
07/06  22:15:00,22.25,14.85,21.0,-0.7,0.2086,21.0,0.448,0.1773,350.0,0.12,COMFORT_OPTIMAL_DEADBAND
07/06  22:30:00,22.5,14.7,21.0,-0.701,0.2102,21.0,0.448,0.1787,350.0,0.12,COMFORT_OPTIMAL_DEADBAND
07/06  22:45:00,22.75,14.55,21.0,-0.702,0.2118,21.0,0.448,0.18,350.0,0.12,COMFORT_OPTIMAL_DEADBAND
07/06  23:00:00,23.0,14.4,21.0,-0.703,0.2133,21.0,0.448,0.1813,350.0,0.12,COMFORT_OPTIMAL_DEADBAND
07/06  23:15:00,23.25,14.28,21.0,-0.704,0.2146,21.0,0.448,0.1824,350.0,0.12,COMFORT_OPTIMAL_DEADBAND
07/06  23:30:00,23.5,14.15,21.0,-0.705,0.2159,21.0,0.448,0.1835,350.0,0.12,COMFORT_OPTIMAL_DEADBAND
07/06  23:45:00,23.75,14.03,21.0,-0.705,0.2171,21.0,0.448,0.1845,350.0,0.12,COMFORT_OPTIMAL_DEADBAND
07/06  24:00:00,24.0,13.9,21.0,-0.706,0.2183,21.0,0.448,0.1856,350.0,0.12,COMFORT_OPTIMAL_DEADBAND
07/07  00:15:00,0.25,13.75,21.0,-0.707,0.2196,21.0,0.448,0.1867,350.0,0.12,COMFORT_OPTIMAL_DEADBAND
07/07  00:30:00,0.5,13.6,21.0,-0.708,0.2211,21.0,0.448,0.1879,350.0,0.12,COMFORT_OPTIMAL_DEADBAND
07/07  00:45:00,0.75,13.45,21.0,-0.709,0.2226,21.0,0.448,0.1892,350.0,0.12,COMFORT_OPTIMAL_DEADBAND
07/07  01:00:00,1.0,13.3,21.0,-0.71,0.2241,21.0,0.448,0.1905,350.0,0.12,COMFORT_OPTIMAL_DEADBAND
07/07  01:15:00,1.25,13.2,21.0,-0.711,0.2253,21.0,0.448,0.1915,350.0,0.12,COMFORT_OPTIMAL_DEADBAND
07/07  01:30:00,1.5,13.1,21.0,-0.711,0.2263,21.0,0.448,0.1924,350.0,0.12,COMFORT_OPTIMAL_DEADBAND
07/07  01:45:00,1.75,13.0,21.0,-0.712,0.2274,21.0,0.448,0.1933,350.0,0.12,COMFORT_OPTIMAL_DEADBAND
07/07  02:00:00,2.0,12.9,21.0,-0.713,0.2284,21.0,0.448,0.1941,350.0,0.12,COMFORT_OPTIMAL_DEADBAND
07/07  02:15:00,2.25,12.82,21.0,-0.713,0.2292,21.0,0.448,0.1948,350.0,0.12,COMFORT_OPTIMAL_DEADBAND
07/07  02:30:00,2.5,12.75,21.0,-0.714,0.2301,21.0,0.448,0.1956,350.0,0.12,COMFORT_OPTIMAL_DEADBAND
07/07  02:45:00,2.75,12.68,21.0,-0.714,0.2309,21.0,0.448,0.1963,350.0,0.12,COMFORT_OPTIMAL_DEADBAND
07/07  03:00:00,3.0,12.6,21.0,-0.715,0.2318,21.0,0.448,0.197,350.0,0.12,COMFORT_OPTIMAL_DEADBAND
07/07  03:15:00,3.25,12.5,21.0,-0.716,0.2328,21.0,0.448,0.1979,350.0,0.12,COMFORT_OPTIMAL_DEADBAND
07/07  03:30:00,3.5,12.4,21.0,-0.716,0.2339,21.0,0.448,0.1988,350.0,0.12,COMFORT_OPTIMAL_DEADBAND
07/07  03:45:00,3.75,12.3,21.0,-0.717,0.2349,21.0,0.448,0.1997,350.0,0.12,COMFORT_OPTIMAL_DEADBAND
07/07  04:00:00,4.0,12.2,21.0,-0.718,0.236,21.0,0.448,0.2006,350.0,0.12,COMFORT_OPTIMAL_DEADBAND
07/07  04:15:00,4.25,12.35,21.0,-0.717,0.2353,21.0,0.448,0.2,350.0,0.12,COMFORT_OPTIMAL_DEADBAND
07/07  04:30:00,4.5,12.5,21.0,-0.716,0.234,21.0,0.448,0.1989,350.0,0.12,COMFORT_OPTIMAL_DEADBAND
07/07  04:45:00,4.75,12.65,21.0,-0.715,0.2326,21.0,0.448,0.1977,350.0,0.12,COMFORT_OPTIMAL_DEADBAND
07/07  05:00:00,5.0,12.8,21.0,-0.711,0.2283,21.0,0.448,0.1941,350.0,0.12,COMFORT_OPTIMAL_DEADBAND
07/07  05:15:00,5.25,12.93,21.0,-0.711,0.2263,21.0,0.448,0.1924,350.0,0.12,COMFORT_OPTIMAL_DEADBAND
07/07  05:30:00,5.5,13.05,21.0,-0.71,0.2248,21.0,0.448,0.1911,350.0,0.12,COMFORT_OPTIMAL_DEADBAND
07/07  05:45:00,5.75,13.18,21.0,-0.707,0.2209,21.0,0.448,0.1878,350.0,0.12,COMFORT_OPTIMAL_DEADBAND
07/07  06:00:00,6.0,13.3,21.0,-0.704,0.2164,21.0,0.448,0.1839,350.0,0.12,COMFORT_OPTIMAL_DEADBAND
07/07  06:15:00,6.25,13.45,21.0,-0.701,0.211,21.0,0.448,0.1793,350.0,0.12,COMFORT_OPTIMAL_DEADBAND
07/07  06:30:00,6.5,13.6,21.0,-0.696,0.2045,21.0,0.448,0.1738,350.0,0.12,COMFORT_OPTIMAL_DEADBAND
07/07  06:45:00,6.75,13.75,21.0,-0.691,0.1965,21.0,0.448,0.167,350.0,0.12,COMFORT_OPTIMAL_DEADBAND
07/07  07:00:00,7.0,13.9,21.0,-0.686,0.1887,21.0,0.448,0.1604,350.0,0.12,COMFORT_OPTIMAL_DEADBAND
07/07  07:15:00,7.25,14.0,21.57,-0.561,0.0,21.57,0.448,0.0,350.0,0.12,COMFORT_OPTIMAL_DEADBAND
07/07  07:30:00,7.5,14.1,22.08,-0.453,0.0,22.08,0.448,0.0,350.0,0.12,COMFORT_OPTIMAL_DEADBAND
07/07  07:45:00,7.75,14.2,22.49,-0.366,0.0,22.49,0.448,0.0,350.0,0.12,COMFORT_OPTIMAL_DEADBAND
07/07  08:00:00,8.0,14.3,22.87,-0.29,0.0,22.87,0.448,0.0,350.0,0.22,COMFORT_OPTIMAL_DEADBAND
07/07  08:15:00,8.25,14.38,23.47,-0.164,0.0,23.47,0.448,0.0,350.0,0.22,COMFORT_OPTIMAL_DEADBAND
07/07  08:30:00,8.5,14.45,23.91,-0.051,0.0452,23.91,0.448,0.0384,350.0,0.22,COMFORT_OPTIMAL_DEADBAND
07/07  08:45:00,8.75,14.53,24.0,-0.022,0.1664,24.0,0.448,0.1414,350.0,0.22,COMFORT_OPTIMAL_DEADBAND
07/07  09:00:00,9.0,14.6,24.0,-0.013,0.1437,24.0,0.448,0.1221,350.0,0.22,COMFORT_OPTIMAL_DEADBAND
07/07  09:15:00,9.25,14.7,24.0,-0.005,0.1515,24.0,0.448,0.1288,350.0,0.22,COMFORT_OPTIMAL_DEADBAND
07/07  09:30:00,9.5,14.8,24.0,0.001,0.1631,24.0,0.448,0.1386,350.0,0.22,COMFORT_OPTIMAL_DEADBAND
07/07  09:45:00,9.75,14.9,24.0,0.019,0.2042,24.0,0.448,0.1736,350.0,0.22,COMFORT_OPTIMAL_DEADBAND
07/07  10:00:00,10.0,15.0,24.0,0.031,0.2494,24.0,0.448,0.212,227.5,0.22,COMFORT_OPTIMAL_DEADBAND
07/07  10:15:00,10.25,15.28,24.0,0.038,0.2871,24.0,0.448,0.244,227.5,0.22,COMFORT_OPTIMAL_DEADBAND
07/07  10:30:00,10.5,15.55,24.0,0.043,0.3188,24.0,0.448,0.271,227.5,0.22,COMFORT_OPTIMAL_DEADBAND
07/07  10:45:00,10.75,15.82,24.0,0.039,0.3288,24.0,0.448,0.2795,227.5,0.22,COMFORT_OPTIMAL_DEADBAND
07/07  11:00:00,11.0,16.1,24.0,0.035,0.333,24.0,0.448,0.2831,227.5,0.22,COMFORT_OPTIMAL_DEADBAND
07/07  11:15:00,11.25,16.38,24.0,0.032,0.3366,24.0,0.448,0.2861,227.5,0.22,COMFORT_OPTIMAL_DEADBAND
07/07  11:30:00,11.5,16.65,24.0,0.03,0.3422,24.0,0.448,0.2909,227.5,0.22,COMFORT_OPTIMAL_DEADBAND
07/07  11:45:00,11.75,16.92,24.0,0.024,0.3411,24.0,0.448,0.2899,227.5,0.22,COMFORT_OPTIMAL_DEADBAND
07/07  12:00:00,12.0,17.2,24.0,0.021,0.3408,24.0,0.448,0.2897,227.5,0.22,COMFORT_OPTIMAL_DEADBAND
07/07  12:15:00,12.25,17.47,24.0,0.009,0.2041,24.0,0.448,0.1735,227.5,0.22,COMFORT_OPTIMAL_DEADBAND
07/07  12:30:00,12.5,17.75,24.0,0.011,0.2097,24.0,0.448,0.1782,227.5,0.22,COMFORT_OPTIMAL_DEADBAND
07/07  12:45:00,12.75,18.02,24.0,0.007,0.2125,24.0,0.448,0.1806,227.5,0.22,COMFORT_OPTIMAL_DEADBAND
07/07  13:00:00,13.0,18.3,24.0,0.004,0.2126,24.0,0.448,0.1807,227.5,0.22,COMFORT_OPTIMAL_DEADBAND
07/07  13:15:00,13.25,18.35,24.0,0.005,0.3315,24.0,0.448,0.2818,227.5,0.22,COMFORT_OPTIMAL_DEADBAND
07/07  13:30:00,13.5,18.4,24.0,0.001,0.3275,24.0,0.448,0.2784,227.5,0.22,COMFORT_OPTIMAL_DEADBAND
07/07  13:45:00,13.75,18.45,24.0,-0.003,0.3192,24.0,0.448,0.2713,227.5,0.22,COMFORT_OPTIMAL_DEADBAND
07/07  14:00:00,14.0,18.5,24.0,-0.007,0.3111,24.8,0.577,0.224,227.5,0.35,CARBON_PEAK_SHEDDING
07/07  14:15:00,14.25,18.55,24.0,-0.011,0.3033,24.8,0.577,0.2184,227.5,0.35,CARBON_PEAK_SHEDDING
07/07  14:30:00,14.5,18.6,24.0,-0.014,0.2957,24.8,0.577,0.2129,227.5,0.35,CARBON_PEAK_SHEDDING
07/07  14:45:00,14.75,18.65,24.0,-0.017,0.2861,24.8,0.577,0.206,227.5,0.35,CARBON_PEAK_SHEDDING
07/07  15:00:00,15.0,18.7,24.0,-0.02,0.2763,24.8,0.577,0.1989,227.5,0.35,CARBON_PEAK_SHEDDING
07/07  15:15:00,15.25,18.75,24.0,-0.023,0.2666,24.8,0.577,0.192,350.0,0.35,CARBON_PEAK_SHEDDING
07/07  15:30:00,15.5,18.8,24.0,-0.026,0.257,24.8,0.577,0.185,350.0,0.35,CARBON_PEAK_SHEDDING
07/07  15:45:00,15.75,18.85,24.0,-0.031,0.2415,24.8,0.577,0.1739,350.0,0.35,CARBON_PEAK_SHEDDING
07/07  16:00:00,16.0,18.9,24.0,-0.034,0.227,24.8,0.577,0.1634,560.0,0.35,CARBON_PEAK_SHEDDING
07/07  16:15:00,16.25,18.62,24.0,-0.035,0.2147,24.8,0.577,0.1546,560.0,0.35,CARBON_PEAK_SHEDDING
07/07  16:30:00,16.5,18.35,24.0,-0.037,0.2005,24.8,0.577,0.1444,560.0,0.35,CARBON_PEAK_SHEDDING
07/07  16:45:00,16.75,18.08,24.0,-0.036,0.189,24.8,0.577,0.1361,560.0,0.35,CARBON_PEAK_SHEDDING
07/07  17:00:00,17.0,17.8,24.0,-0.036,0.178,24.8,0.577,0.1282,560.0,0.35,CARBON_PEAK_SHEDDING
07/07  17:15:00,17.25,17.53,23.97,-0.048,0.0,24.77,0.577,0.0,560.0,0.35,CARBON_PEAK_SHEDDING
07/07  17:30:00,17.5,17.25,23.9,-0.058,0.0,24.7,0.577,0.0,560.0,0.35,CARBON_PEAK_SHEDDING
07/07  17:45:00,17.75,16.97,23.81,-0.075,0.0,24.61,0.577,0.0,560.0,0.35,CARBON_PEAK_SHEDDING
07/07  18:00:00,18.0,16.7,23.71,-0.096,0.0,24.51,0.577,0.0,560.0,0.35,CARBON_PEAK_SHEDDING
07/07  18:15:00,18.25,16.42,22.39,-0.327,0.0,23.19,0.577,0.0,560.0,0.35,CARBON_PEAK_SHEDDING
07/07  18:30:00,18.5,16.15,21.09,-0.611,0.0764,21.89,0.577,0.055,560.0,0.35,CARBON_PEAK_SHEDDING
07/07  18:45:00,18.75,15.88,21.0,-0.64,0.2518,21.8,0.577,0.1813,560.0,0.35,CARBON_PEAK_SHEDDING
07/07  19:00:00,19.0,15.6,21.0,-0.646,0.1378,21.8,0.577,0.0992,560.0,0.35,CARBON_PEAK_SHEDDING
07/07  19:15:00,19.25,15.6,21.0,-0.651,0.1751,21.8,0.577,0.1261,560.0,0.35,CARBON_PEAK_SHEDDING
07/07  19:30:00,19.5,15.6,21.0,-0.657,0.1862,21.8,0.577,0.1341,560.0,0.35,CARBON_PEAK_SHEDDING
07/07  19:45:00,19.75,15.6,21.0,-0.66,0.1909,21.8,0.577,0.1374,560.0,0.35,CARBON_PEAK_SHEDDING
07/07  20:00:00,20.0,15.6,21.0,-0.662,0.194,21.8,0.577,0.1397,560.0,0.35,CARBON_PEAK_SHEDDING
07/07  20:15:00,20.25,15.6,21.0,-0.664,0.1968,21.8,0.577,0.1417,560.0,0.12,CARBON_PEAK_SHEDDING
07/07  20:30:00,20.5,15.6,21.0,-0.665,0.1991,21.8,0.577,0.1434,560.0,0.12,CARBON_PEAK_SHEDDING
07/07  20:45:00,20.75,15.6,21.0,-0.667,0.2011,21.8,0.577,0.1448,560.0,0.12,CARBON_PEAK_SHEDDING
07/07  21:00:00,21.0,15.6,21.0,-0.668,0.2027,21.8,0.577,0.1459,560.0,0.12,CARBON_PEAK_SHEDDING
07/07  21:15:00,21.25,15.6,21.0,-0.669,0.2038,21.0,0.448,0.1732,350.0,0.12,COMFORT_OPTIMAL_DEADBAND
07/07  21:30:00,21.5,15.6,21.0,-0.669,0.2047,21.0,0.448,0.174,350.0,0.12,COMFORT_OPTIMAL_DEADBAND
07/07  21:45:00,21.75,15.6,21.0,-0.669,0.2054,21.0,0.448,0.1746,350.0,0.12,COMFORT_OPTIMAL_DEADBAND
07/07  22:00:00,22.0,15.6,21.0,-0.67,0.2061,21.0,0.448,0.1752,350.0,0.12,COMFORT_OPTIMAL_DEADBAND
07/07  22:15:00,22.25,15.5,21.0,-0.671,0.207,21.0,0.448,0.1759,350.0,0.12,COMFORT_OPTIMAL_DEADBAND
07/07  22:30:00,22.5,15.4,21.0,-0.671,0.208,21.0,0.448,0.1768,350.0,0.12,COMFORT_OPTIMAL_DEADBAND
07/07  22:45:00,22.75,15.3,21.0,-0.672,0.209,21.0,0.448,0.1776,350.0,0.12,COMFORT_OPTIMAL_DEADBAND
07/07  23:00:00,23.0,15.2,21.0,-0.673,0.2099,21.0,0.448,0.1784,350.0,0.12,COMFORT_OPTIMAL_DEADBAND
07/07  23:15:00,23.25,15.1,21.0,-0.673,0.2106,21.0,0.448,0.179,350.0,0.12,COMFORT_OPTIMAL_DEADBAND
07/07  23:30:00,23.5,15.0,21.0,-0.674,0.2112,21.0,0.448,0.1795,350.0,0.12,COMFORT_OPTIMAL_DEADBAND
07/07  23:45:00,23.75,14.9,21.0,-0.674,0.2119,21.0,0.448,0.1801,350.0,0.12,COMFORT_OPTIMAL_DEADBAND
07/07  24:00:00,24.0,14.8,21.0,-0.674,0.2125,21.0,0.448,0.1806,350.0,0.12,COMFORT_OPTIMAL_DEADBAND
